"","Bacteria;Proteobacteria;Gammaproteobacteria;Burkholderiales;Comamonadaceae;_1","Bacteria;Proteobacteria;Gammaproteobacteria;Burkholderiales;Comamonadaceae;_3","Bacteria;Proteobacteria;Gammaproteobacteria;Burkholderiales;Comamonadaceae;_4","Bacteria;Actinobacteriota;Actinobacteria;Micrococcales;Sanguibacteraceae;Sanguibacter;_1","Bacteria;Proteobacteria;Gammaproteobacteria;Burkholderiales;Comamonadaceae;_2","Bacteria;Proteobacteria;Gammaproteobacteria;Pseudomonadales;Pseudomonadaceae;Pseudomonas;_1","Bacteria;Proteobacteria;Gammaproteobacteria;Burkholderiales;Comamonadaceae;_6","Bacteria;Proteobacteria;Gammaproteobacteria;Burkholderiales;Comamonadaceae;Limnohabitans;_1","Bacteria;Proteobacteria;Gammaproteobacteria;Burkholderiales;Comamonadaceae;_5","Bacteria;Proteobacteria;Gammaproteobacteria;Burkholderiales;Methylophilaceae;Candidatus_Methylopumilus;_1","Bacteria;Proteobacteria;Alphaproteobacteria;Rickettsiales;Mitochondria;_1","Bacteria;Cyanobacteria;Cyanobacteriia;Chloroplast;_7","Bacteria;Proteobacteria;Gammaproteobacteria;Burkholderiales;Methylophilaceae;Methylotenera;_7","Bacteria;Proteobacteria;Gammaproteobacteria;Pseudomonadales;Pseudomonadaceae;Pseudomonas;_3","Bacteria;Proteobacteria;Gammaproteobacteria;Burkholderiales;Oxalobacteraceae;_1","Bacteria;Proteobacteria;Gammaproteobacteria;Enterobacterales;_1","Bacteria;Proteobacteria;Gammaproteobacteria;Burkholderiales;Methylophilaceae;Methylotenera;_2","Bacteria;Actinobacteriota;Actinobacteria;Micrococcales;Micrococcaceae;Paeniglutamicibacter;_1","Bacteria;Proteobacteria;Alphaproteobacteria;Sphingomonadales;Sphingomonadaceae;Sphingorhabdus;rigui;_1","Bacteria;Verrucomicrobiota;Chlamydiae;Chlamydiales;Parachlamydiaceae;_1","Bacteria;Actinobacteriota;Actinobacteria;Micrococcales;Microbacteriaceae;Pseudoclavibacter;_1","Bacteria;Proteobacteria;Gammaproteobacteria;Burkholderiales;Comamonadaceae;Diaphorobacter;_1","Bacteria;Proteobacteria;Gammaproteobacteria;Xanthomonadales;Xanthomonadaceae;Stenotrophomonas;_1","Bacteria;Proteobacteria;Gammaproteobacteria;Pseudomonadales;Pseudomonadaceae;Pseudomonas;_4","Bacteria;Firmicutes;Bacilli;Staphylococcales;Staphylococcaceae;Staphylococcus;_2","Bacteria;Proteobacteria;Alphaproteobacteria;Rhizobiales;Rhizobiaceae;Pseudochrobactrum;kiredjianiae;_1","Bacteria;Bdellovibrionota;Oligoflexia;Silvanigrellales;Silvanigrellaceae;Silvanigrella;aquatica;_1","Bacteria;Proteobacteria;Gammaproteobacteria;Enterobacterales;Yersiniaceae;Yersinia;_1","Bacteria;Proteobacteria;Gammaproteobacteria;Pseudomonadales;Pseudomonadaceae;Pseudomonas;_5","Bacteria;Proteobacteria;Gammaproteobacteria;Enterobacterales;Hafniaceae;Hafnia-Obesumbacterium;_1","Bacteria;Proteobacteria;Gammaproteobacteria;Burkholderiales;Burkholderiaceae;Polynucleobacter;_1","Bacteria;Proteobacteria;Gammaproteobacteria;Pseudomonadales;Pseudomonadaceae;Pseudomonas;_6","Bacteria;Actinobacteriota;Actinobacteria;Micrococcales;Micrococcaceae;Pseudarthrobacter;_1","Bacteria;Proteobacteria;Gammaproteobacteria;Burkholderiales;Comamonadaceae;_21","Bacteria;Bacteroidota;Bacteroidia;Flavobacteriales;Flavobacteriaceae;Flavobacterium;_1","Bacteria;Proteobacteria;Gammaproteobacteria;Burkholderiales;Oxalobacteraceae;Undibacterium;_1","Bacteria;Firmicutes;Bacilli;Staphylococcales;Staphylococcaceae;Staphylococcus;_1","Bacteria;Bdellovibrionota;Oligoflexia;Silvanigrellales;Silvanigrellaceae;Silvanigrella;_1","Bacteria;Actinobacteriota;Actinobacteria;Micrococcales;Intrasporangiaceae;Janibacter;_2","Bacteria;Bacteroidota;Bacteroidia;Flavobacteriales;Flavobacteriaceae;Flavobacterium;_2","Bacteria;Cyanobacteria;Cyanobacteriia;Chloroplast;_20","Bacteria;Proteobacteria;Alphaproteobacteria;Rickettsiales;Mitochondria;_3","Bacteria;Proteobacteria;Gammaproteobacteria;Burkholderiales;Comamonadaceae;Rhodoferax;_1","Bacteria;Proteobacteria;Gammaproteobacteria;Aeromonadales;Aeromonadaceae;Aeromonas;_2","Bacteria;Proteobacteria;Gammaproteobacteria;Pseudomonadales;Moraxellaceae;Acinetobacter;_1","Bacteria;Firmicutes;Negativicutes;Veillonellales-Selenomonadales;Selenomonadaceae;Zymophilus;_1","Bacteria;Proteobacteria;Gammaproteobacteria;Pseudomonadales;Pseudomonadaceae;Pseudomonas;_7","Bacteria;Proteobacteria;Gammaproteobacteria;Burkholderiales;Burkholderiaceae;Polynucleobacter;difficilis;_1","Bacteria;Proteobacteria;Gammaproteobacteria;Burkholderiales;_1","Bacteria;Cyanobacteria;Cyanobacteriia;Chloroplast;_61","Bacteria;Proteobacteria;Gammaproteobacteria;Pseudomonadales;Moraxellaceae;Acinetobacter;_2","Bacteria;Proteobacteria;Gammaproteobacteria;Pseudomonadales;Moraxellaceae;Acinetobacter;_3","Bacteria;Bacteroidota;Bacteroidia;Flavobacteriales;Flavobacteriaceae;Flavobacterium;terrigena;_1","Bacteria;Actinobacteriota;Actinobacteria;Frankiales;Sporichthyaceae;_1","Bacteria;Proteobacteria;Gammaproteobacteria;Enterobacterales;Erwiniaceae;Pantoea;_1","Bacteria;Proteobacteria;Gammaproteobacteria;Burkholderiales;Chitinibacteraceae;Deefgea;_1","Bacteria;Proteobacteria;Gammaproteobacteria;Burkholderiales;Comamonadaceae;Paucibacter;_2","Bacteria;Proteobacteria;Gammaproteobacteria;Burkholderiales;Comamonadaceae;Ideonella;_2","Bacteria;Proteobacteria;Alphaproteobacteria;Rhizobiales;Xanthobacteraceae;Bradyrhizobium;_1","Bacteria;Bacteroidota;Bacteroidia;Cytophagales;Spirosomaceae;Pseudarcicella;_1","Bacteria;Proteobacteria;Gammaproteobacteria;Burkholderiales;Methylophilaceae;Methylotenera;_3","Bacteria;Verrucomicrobiota;Verrucomicrobiae;Pedosphaerales;Pedosphaeraceae;_1","Bacteria;Verrucomicrobiota;Verrucomicrobiae;Chthoniobacterales;Terrimicrobiaceae;FukuN18_freshwater_group;_1","Bacteria;Proteobacteria;Alphaproteobacteria;Rhizobiales;Xanthobacteraceae;Bradyrhizobium;_2","Bacteria;Proteobacteria;Gammaproteobacteria;Burkholderiales;Comamonadaceae;Hydrogenophaga;_2","Bacteria;Cyanobacteria;Cyanobacteriia;Chloroplast;_27","Bacteria;Cyanobacteria;Cyanobacteriia;Synechococcales;Cyanobiaceae;Cyanobium_PCC-6307;gracile;_1","Bacteria;Patescibacteria;Gracilibacteria;_3","Bacteria;Proteobacteria;Gammaproteobacteria;Burkholderiales;Comamonadaceae;_28","Bacteria;Proteobacteria;Gammaproteobacteria;Aeromonadales;Aeromonadaceae;Aeromonas;_1","Bacteria;Proteobacteria;Gammaproteobacteria;Burkholderiales;Comamonadaceae;_19","Bacteria;Firmicutes;Bacilli;Lactobacillales;Lactobacillaceae;Lactobacillus;_1","Bacteria;Proteobacteria;Gammaproteobacteria;Burkholderiales;Comamonadaceae;Curvibacter;_1","Bacteria;Proteobacteria;Gammaproteobacteria;Burkholderiales;Comamonadaceae;Rhodoferax;koreense;_1","Bacteria;Bacteroidota;Bacteroidia;Flavobacteriales;Weeksellaceae;Chryseobacterium;_1","Bacteria;Proteobacteria;Alphaproteobacteria;Rhizobiales;Rhizobiaceae;Pseudochrobactrum;_1","Bacteria;Firmicutes;Bacilli;Lactobacillales;Aerococcaceae;Aerococcus;_1","Bacteria;Actinobacteriota;Actinobacteria;Micrococcales;Brevibacteriaceae;Brevibacterium;_1","Bacteria;Cyanobacteria;Cyanobacteriia;Chloroplast;_31","Bacteria;Cyanobacteria;Cyanobacteriia;Chloroplast;_34","Bacteria;Actinobacteriota;Actinobacteria;Frankiales;Sporichthyaceae;hgcI_clade;_1","Bacteria;Proteobacteria;Gammaproteobacteria;Burkholderiales;Comamonadaceae;_13","Bacteria;Firmicutes;Bacilli;Lactobacillales;Enterococcaceae;Enterococcus;_1","Bacteria;Cyanobacteria;Cyanobacteriia;Chloroplast;_13","Bacteria;Proteobacteria;Gammaproteobacteria;Burkholderiales;Comamonadaceae;_14","Bacteria;Proteobacteria;Gammaproteobacteria;Burkholderiales;Comamonadaceae;_24","Bacteria;Patescibacteria;Gracilibacteria;_1","Bacteria;Actinobacteriota;Actinobacteria;Frankiales;Sporichthyaceae;hgcI_clade;_2","Bacteria;Verrucomicrobiota;Verrucomicrobiae;Chthoniobacterales;Chthoniobacteraceae;Chthoniobacter;_8","Bacteria;Actinobacteriota;Actinobacteria;Frankiales;Sporichthyaceae;hgcI_clade;_8","Bacteria;Actinobacteriota;Actinobacteria;Frankiales;Geodermatophilaceae;Blastococcus;_1","Bacteria;Actinobacteriota;Actinobacteria;Frankiales;Nakamurellaceae;Nakamurella;_1","Bacteria;Proteobacteria;Gammaproteobacteria;Burkholderiales;T34;_1","Bacteria;Proteobacteria;Alphaproteobacteria;Rhizobiales;Rhodomicrobiaceae;Rhodomicrobium;_1","Bacteria;Cyanobacteria;Cyanobacteriia;Chloroplast;_49","Bacteria;Proteobacteria;Alphaproteobacteria;Rickettsiales;Mitochondria;_23","Bacteria;Proteobacteria;Alphaproteobacteria;Acetobacterales;Acetobacteraceae;Roseomonas;_2","Bacteria;Verrucomicrobiota;Verrucomicrobiae;Pedosphaerales;Pedosphaeraceae;_3","Bacteria;Cyanobacteria;Cyanobacteriia;Synechococcales;Cyanobiaceae;Cyanobium_PCC-6307;_1","Bacteria;Actinobacteriota;Actinobacteria;Micrococcales;Microbacteriaceae;Candidatus_Planktoluna;_3","Other"
"G1_11",9,0,2122,231,0,111,0,13,303,2,3,3878,7,28,0,0,10,19,0,0,15,3,21,8,0,4,4,5,10,0,5,22,46,0,13,0,3,0,1,1,0,1,43,1,0,0,1,0,0,370,35,0,0,11,4,0,7,0,10,4,4,0,0,23,1,47,36,0,3,0,5,11,0,4,0,1,1,0,22,8,0,0,0,38,7,10,0,0,0,3,32,41,0,0,1,0,0,0,1,12,2982
"G1_12",14,0,2439,201,0,98,0,12,24,8,483,2173,2,36,0,0,1,18,0,0,11,0,7,3,7,1,0,10,12,0,1,3,80,9,50,0,0,0,0,1,0,0,9,0,0,0,2,2,0,272,22,1,0,28,4,0,0,7,30,19,0,0,0,21,3,13,5,0,1,1,0,0,0,5,0,0,0,5,0,0,2,0,1,12,9,14,0,0,0,4,25,5,0,0,1,0,1,0,0,6,1486
"G1_13",3,0,20,93,0,60,0,0,0,0,19,59,1,21,0,0,0,3,0,0,5,0,0,1,1,6,0,4,0,0,0,2,0,1,0,0,1,0,0,0,0,0,6,0,0,0,0,0,0,20,2,0,0,1,0,0,0,0,2,0,1,0,0,9,0,0,2,0,0,0,0,0,0,0,0,0,0,0,0,0,0,0,0,1,0,2,0,0,0,0,0,0,0,0,0,0,0,0,2,0,90
"G1_15",10,0,842,115,0,49,0,2,1,2,146,5,2,21,0,0,0,11,0,21,7,3,4,3,0,2,4,11,4,14,0,7,6,1,18,0,3,0,1,1,0,17,15,0,0,0,0,1,0,0,1,2,0,4,0,0,0,2,0,5,0,0,0,0,0,2,0,0,0,0,0,0,0,3,0,1,0,2,0,0,0,0,0,3,5,4,0,0,0,2,9,3,0,0,0,0,0,0,0,2,241
"G1_21",16,0,991,217,3,151,0,65883,81138,2,24822,21,14,9,0,0,1,10,0,3,19,31,8,27,1,55,25,5,2,0,11,0,5,1,79,0,0,0,0,16,0,56,28,0,0,0,2,0,0,62,0,0,0,18,1,1,5,0,1,17,0,0,0,5,4,13,1,0,1,0,2,0,0,449,0,9,0,1,11,0,2,0,0,2,1637,50,1,0,0,0,8,27,0,1,0,0,0,0,0,10,831
"G1_22",0,3,10349,970,0,567,0,777,218,20,28,1,9,34,0,0,3,101,0,0,84,13,44,37,71,86,0,12,20,0,1,1,0,0,19,0,16,0,0,0,0,9,17,0,0,0,38,0,0,0,0,0,0,1,0,0,0,8,0,4,1,0,0,0,3,0,0,0,1,0,1,0,0,1,0,2,0,10,0,0,0,0,0,2,9,45,1,0,0,4,2,0,0,0,0,1,0,0,0,0,317
"G1_23",1,0,603,514,0,303,0,1,6,0,2329,0,2,11,0,0,0,7,0,0,23,0,26,28,0,31,0,1,9,0,0,6,0,1,8,1,2,0,0,0,0,3,1,2,0,0,9,0,0,0,0,0,0,13,0,0,0,0,0,2,2,0,0,0,1,0,0,0,12,0,0,0,0,6,0,4,0,7,0,0,0,0,0,4,0,10,0,0,0,1,3,2,0,0,2,0,2,0,0,2,110
"G1_24",32,3,12658,1544,6,1336,0,998,1963,1,4778,27,38,126,0,0,4,93,0,0,88,80,158,188,0,255,6,51,17,0,22,28,0,31,211,3,14,0,1,9,0,0,89,0,0,0,20,4,0,0,14,26,0,19,33,0,6,2,4,32,4,0,0,0,5,10,25,0,6,0,0,37,0,38,0,13,0,9,0,0,6,0,0,49,1,290,0,0,0,11,7,7,0,0,0,0,8,0,1,35,2138
"G1_25",22,0,6217,2450,0,7810,0,31,15,11,5918,97,16,127,0,0,1,217,0,0,344,1,329,222,0,708,22,29,36,0,0,41,258,4,121,0,16,0,0,1,0,87,57,0,0,0,72,0,0,0,11,4,0,49,0,2,7,0,0,11,6,0,0,0,0,217,0,0,59,3,4,0,0,4,0,61,0,34,38,0,0,0,0,9,17,4,0,0,0,10,5,17,0,0,0,0,147,0,0,6,910
"G1_26",6,0,1085,471,0,536,0,12,61,0,151,9,12,71,0,0,0,13,0,0,25,8,43,35,0,63,46,18,30,0,0,16,0,0,22,5,12,0,0,10,0,18,7,0,0,0,11,0,0,0,0,0,0,3,0,0,0,0,3,3,3,0,0,0,0,0,0,0,2,0,0,0,0,19,0,14,0,2,0,0,0,0,0,0,9,3,0,0,1,2,1,0,0,0,0,0,0,0,0,6,328
"G1_28",5,2,5627,1895,0,1770,0,23,9,0,87,0,0,90,0,0,0,65,0,0,168,0,238,353,0,447,0,21,29,0,0,17,0,0,1,0,2,0,0,0,0,0,0,0,0,0,52,0,0,0,3,2,0,2,5,0,0,0,0,0,0,0,0,2,0,0,2,0,30,1,0,0,0,4,0,44,0,13,0,0,0,0,0,0,0,4,0,0,0,0,37,152,0,0,0,0,16,0,0,5,1002
"G1_31",5782,0,0,21,3,18,0,8,0,111,0,35,13,4,0,0,6,4,0,0,1,0,1,5,0,0,2,1,2,0,3,1,218,0,3,0,0,0,0,3,0,0,28,1,0,0,3,2,0,6,1,1,0,0,2,0,0,0,2,1,0,0,0,4,0,3,1,0,1,0,1,0,0,5,0,0,1,0,0,1,0,11,0,3,0,0,0,0,0,0,2,26,0,1,2,0,0,0,1,0,459
"G1_32",2008,0,0,21,0,2,0,8,0,51,2,389,0,23,0,0,5,0,0,5,0,0,0,0,1,0,0,6,5,0,0,6,7,0,6,0,1,0,0,0,0,0,1,0,0,0,0,0,0,35,0,0,0,1,0,1,0,0,0,1,0,0,0,1,0,2,2,0,6,0,1,0,0,1,0,0,0,0,5,0,0,6,0,3,0,2,0,0,0,3,0,7,0,0,0,0,0,0,0,4,511
"G1_33",7516,0,0,79,1,49,0,10,0,19,7,1,0,35,0,42,4,17,0,2,7,0,3,9,3,4,0,6,1,15,5,7,14,0,6,0,0,0,0,1,0,0,4,0,0,0,1,2,0,0,0,2,0,0,1,0,2,0,0,2,0,0,0,0,0,19,21,0,0,0,0,0,0,1,0,0,4,0,0,0,0,22,0,6,5,0,0,0,0,3,1,3,0,0,2,0,0,0,0,3,1097
"G1_34",189,0,48,173,4,84,0,5,0,16,0,23,0,63,0,0,5,23,0,0,14,0,0,27,3,12,1,6,13,0,34,10,3,0,57,0,2,0,4,16,0,0,18,0,0,0,0,4,0,0,4,8,0,24,7,0,0,0,8,17,3,0,0,5,0,4,1,0,1,0,0,0,0,0,0,0,2,1,0,0,0,0,1,7,0,2,0,0,0,23,6,10,0,0,7,0,3,0,0,28,495
"G1_35",408,1,9474,608,0,273,0,127,10,9,104,203,19,99,0,0,8,58,12,0,34,0,35,20,0,31,1,35,16,0,47,25,121,2,131,0,0,0,8,41,0,11,76,0,0,0,1,0,0,0,0,0,15,89,0,0,20,3,43,28,5,0,0,23,5,17,117,0,7,2,8,0,0,56,4,2,8,4,0,5,4,3,0,66,16,6,0,0,0,33,50,45,0,0,828,0,0,0,0,57,6398
"G1_36",148,2,23130,414,12,252,0,3335,11,10,4135,10,14,74,0,1,0,14,0,609,35,1,13,18,1,37,4,23,20,0,52,35,70,0,248,0,18,0,0,20,0,1,66,0,0,0,1,4,0,0,12,0,0,88,5,0,0,0,23,42,5,25,0,47,3,251,161,0,3,2,1,0,0,1,0,7,10,2,0,0,10,0,0,29,6,18,0,0,0,63,78,36,0,0,0,42,11,0,0,55,4345
"G1_37",206,0,905,841,29,534,0,84,0,60,94,3284,0,148,0,0,5,72,0,0,78,3,17,28,4,26,0,29,105,0,79,22,0,0,592,36,3,0,0,38,0,0,62,17,0,0,457,13,0,0,17,17,0,186,57,0,0,0,23,107,0,0,0,0,0,0,0,0,0,167,1,0,0,4,445,4,15,0,0,0,18,0,0,4,0,5,0,0,0,152,4,13,0,0,0,0,2,0,0,121,1594
"G1_38",12,4,18382,687,1,537,0,595,10,0,1896,0,0,38,0,18,7,50,0,1,67,5,48,61,10,50,5,18,22,5,2,33,4,0,19,0,0,0,0,12,0,1,6,0,0,0,18,0,0,0,25,2,0,10,16,0,0,1,1,15,0,0,0,0,0,0,13,0,0,0,0,0,0,0,4,9,30,8,0,0,0,0,0,0,0,0,0,0,0,22,0,2,0,0,95,0,10,0,0,5,360
"G1_41",80,3,6379,374,0,223,0,14,6,18,575,45,80,22,0,0,2,16,0,0,18,21,22,23,10,11,2,8,6,0,8,10,3,2,72,0,12,0,0,73,0,44,16,0,0,0,2,4,0,7,0,0,0,24,0,0,0,0,0,29,8,0,1,5,4,7,7,0,1,0,2,0,5,50,0,0,0,3,0,16,0,0,25,6,10,48,0,1,0,26,0,12,0,0,0,0,0,0,0,9,715
"G1_42",159,1,12072,424,6,244,0,316,6,23,292,0,6,57,0,0,0,47,0,3,22,5,19,39,1,27,2,3,7,0,16,15,2,0,136,0,41,0,0,172,0,0,33,0,0,0,1,1,0,0,6,0,0,51,0,0,4,0,0,47,8,0,0,0,0,16,54,0,0,0,1,0,0,4,0,0,0,3,0,0,19,1,0,147,1,16,0,0,0,62,2,25,0,0,0,0,4,0,3,21,1627
"G1_43",248,4,7264,1000,0,940,0,5,45,46,9,9,23,83,0,1,5,78,0,1,90,8,44,82,0,76,0,13,37,0,61,25,0,7,176,2,16,0,1,204,0,92,79,0,0,0,14,10,0,0,1,15,0,38,8,0,0,0,0,70,17,1,0,0,0,0,18,0,7,0,0,0,0,45,0,4,0,17,1,0,1,0,0,3,9,78,0,0,0,55,0,15,0,0,0,0,2,0,1,42,1340
"G1_44",12,1,6627,327,0,321,0,85,143,1,289,0,71,37,0,2,2,22,0,0,28,41,18,43,0,42,0,15,3,0,1,7,0,8,10,0,2,0,0,8,0,23,23,0,0,0,10,0,0,0,3,0,0,1,0,0,4,0,11,11,4,0,0,0,2,0,6,0,13,0,0,0,1,75,0,3,0,0,3,0,0,0,0,2,40,87,0,0,0,2,0,0,0,0,0,0,8,0,0,0,407
"G1_45",16,4,8920,149,0,72,0,280,558,1,2202,205,10,49,0,0,0,18,0,0,4,2,12,6,0,9,0,11,17,0,0,13,0,0,11,0,1,0,0,5,0,17,8,0,0,0,13,1,0,0,0,0,0,1,10,0,0,0,0,5,0,0,0,0,0,0,0,0,0,0,0,0,0,2,0,0,0,1,0,0,0,0,0,0,0,13,0,0,0,1,0,1,0,0,0,0,4,0,0,0,102
"G1_46",18220,0,1,676,131,294,0,30,0,555,11,0,26,30,0,0,12,30,0,2,19,0,53,47,0,34,25,7,0,0,0,6,2,2,44,0,2,0,3,14,0,0,71,11,0,0,3,0,0,1,1,4,0,14,3,0,22,0,0,8,21,0,0,11,2,9,203,0,7,3,16,0,0,8,0,3,0,5,65,1,2,18,0,548,0,0,0,0,0,11,31,128,0,0,0,0,1,0,0,7,3201
"G2_21",0,0,1040,147,7,92,0,255,136,0,20,46,0,27,0,0,1,9,0,0,8,0,10,3,0,11,0,18,14,0,0,26,25,0,5,0,0,0,11,0,0,0,0,0,0,0,5,0,0,0,1,0,0,24,4,0,0,0,0,7,0,0,0,0,0,0,1,0,0,1,0,0,0,0,0,0,0,0,0,8,1,0,0,0,0,0,0,0,0,3,7,0,0,0,0,0,0,0,0,0,538
"G2_41",0,0,316,282,4,195,0,15,2782,0,892,0,0,81,0,2,8,25,0,0,19,0,26,14,0,12,0,6,24,0,0,15,6,0,12,0,4,0,0,6,0,0,11,0,18,0,8,17,0,0,10,0,0,15,2,4,9,0,20,8,8,0,0,0,0,48,1,0,0,2,0,0,0,0,184,0,10,5,5,0,0,0,0,62,2,0,0,0,0,3,0,2,0,0,0,0,0,0,0,0,1281
"G2_42",1,0,2390,532,3,264,0,2801,5308,0,51,3,0,96,0,114,2,13,0,0,29,0,23,7,0,11,3,5,10,27,0,4,7,0,13,0,1,0,4,5,0,0,15,638,12,0,3,7,0,0,2,0,0,5,7,0,0,0,19,15,3,0,0,1,0,0,0,0,4,203,0,0,0,10,0,4,0,3,0,0,0,0,0,0,16,0,23,0,0,5,19,9,0,0,0,0,1,0,0,0,753
"G2_43",16,3,14063,610,33,338,0,314,279,8,23,6,219,75,0,6,10,54,0,0,42,9470,82,29,0,17,1,45,10,1,9,31,348,22,28,16,5,0,0,58,0,0,97,0,14,0,4,40,0,0,23,3,0,62,1,13,71,46,78,50,67,3,0,9,0,0,27,0,0,0,1,0,0,291,0,11,5,1,0,0,3,0,0,2,1252,37,1,0,0,27,119,95,0,3,0,0,0,0,0,0,8418
"G3_11",0,1,12184,521,2,237,0,99,45,0,32,1,2,19,0,0,0,23,1,0,38,14,31,26,0,20,0,4,4,0,0,7,2,0,9,11,6,0,1,0,0,0,1,0,0,0,2,4,0,0,0,0,0,1,1,5,0,0,8,5,11,1,0,3,1,1,9,0,2,0,0,0,3,5,0,0,0,4,0,0,0,0,0,1,0,0,0,0,0,0,0,0,0,0,0,0,2,0,2,0,758
"G3_12",0,1,7481,645,5,263,0,9,8,0,782,265,17,47,0,0,4,41,2,0,36,42,28,34,0,36,32,12,12,33,0,1,18,0,1,2,0,0,2,0,0,24,0,0,0,0,13,12,0,0,13,0,0,13,0,0,0,0,10,18,10,0,0,18,0,0,0,0,4,0,0,0,59,43,0,4,0,5,0,0,9,0,0,2,3,7,0,0,3,1,5,0,0,0,0,0,4,0,0,0,777
"G4_11",1271,0,0,163,1821,175,0,833,0,0,0,91,172,19,0,0,417,29,315,15,17,0,7,7,0,21,0,13,4,0,192,13,0,0,3,0,0,0,0,0,0,0,9,0,0,0,5,300,3,0,3,2,113,52,7,0,0,0,0,56,1,1,0,2,0,0,15,0,3,3,0,0,0,0,0,9,2,1,1,0,20,1,0,17,0,0,3,0,0,0,0,0,19,0,0,0,0,0,10,0,1201
"G4_12",36133,0,0,138,1808,78,0,12431,0,33,0,0,1175,21,0,7,2378,35,11,80,4,1,12,19,2,4,1,0,8,0,1595,17,0,0,18,2,6,0,0,0,0,0,9,10,0,0,6,1524,5405,0,7,10,1277,212,3,0,0,0,0,205,0,0,0,6,0,0,16,0,1,4,0,0,0,14,0,0,3,0,17,0,60,95,4,12,0,69,409,0,0,0,0,2,1284,0,0,0,4,0,4,0,1761
"G4_13",31719,0,0,147,129,68,0,1617,0,2050,0,91,19,6,0,2,99,55,3,1,4,1,8,8,3,4,0,1,4,0,61,6,0,0,2,0,0,0,0,0,0,2,0,0,0,0,0,91,258,0,4,2,143,16,0,0,0,0,1,25,0,0,0,3,0,0,2,0,0,28,0,0,0,0,0,5,0,3,0,0,0,41,0,0,0,0,328,0,0,0,0,0,0,0,0,0,1,0,0,0,201
"G4_14",9782,0,0,92,103,52,0,788,0,190,0,0,39,15,0,0,440,22,3,0,4,1,5,6,0,3,0,7,6,0,27,0,0,0,0,0,0,0,0,0,0,0,1,2,0,0,2,88,225,0,10,0,24,10,5,0,0,0,0,16,0,0,0,2,0,0,1,0,3,0,0,0,0,0,0,0,1,0,0,0,6,18,0,0,0,0,31,0,0,0,0,0,1,0,0,0,2,0,0,0,238
"G4_21",38771,0,0,78,1032,79,0,2489,0,0,0,0,4250,44,0,64,498,22,49,19,18,0,2,2,0,5,0,18,6,19,31,10,0,0,0,0,0,0,0,0,0,0,0,2,0,0,5,28,47,0,3,3,284,25,4,0,0,0,1,9,0,0,0,4,0,0,6,0,0,237,0,0,0,0,0,0,8,1,0,0,6,110,0,5,0,0,44,0,0,0,0,0,84,0,0,0,4,0,0,0,912
"G4_22",40812,0,0,237,1438,90,0,6743,0,1,0,0,1027,17,0,5225,2104,34,590,6,23,0,7,5,0,4,0,9,2,1827,129,5,0,0,0,0,0,0,0,0,0,0,0,26,0,0,4,141,60,0,21,11,260,22,10,0,2,0,1,6,2,0,0,3,0,0,1,0,2,284,0,0,0,0,0,0,3,4,0,0,6,107,2,0,0,0,225,0,0,0,0,0,456,0,0,0,0,0,6,0,7696
"G4_23",2781,0,0,47,180,31,0,488,0,10,0,0,125,18,0,29,163,15,8,24,2,0,3,0,0,0,1,1,1,8,16,0,0,0,0,0,0,0,0,0,0,0,0,2,0,0,0,68,48,0,0,0,109,4,1,0,0,0,1,4,0,0,0,2,0,0,2,0,1,6,1,0,0,0,0,0,3,0,0,0,3,4,0,0,0,0,10,0,0,0,0,0,54,0,0,0,0,0,0,0,245
"G4_24",22386,0,0,121,1564,91,0,1589,0,1,0,0,198,17,0,88,2711,26,35,14,11,9,10,4,0,7,3,1,1,22,208,1,0,0,1,0,2,0,0,7,0,0,5,1,0,0,1,309,464,0,5,1,67,28,2,0,0,0,1,25,9,0,0,2,0,0,16,0,2,24,6,0,0,16,0,1,0,0,0,0,6,37,0,0,0,0,290,0,0,0,0,0,46,0,0,0,3,0,2,0,1924
"G4_25",28742,0,0,97,1084,59,0,1762,0,14,0,0,860,95,0,86,112,19,23,5,6,0,4,0,0,0,0,18,7,9,28,4,0,0,0,0,2,0,0,0,0,0,0,0,0,0,2,191,138,0,0,4,4,7,0,0,0,0,20,1,3,0,0,0,0,0,11,0,0,25,0,0,0,104,0,0,0,0,0,0,0,68,0,0,0,0,170,0,0,0,0,0,55,2,0,0,0,0,0,0,619
"G4_31",89352,0,0,137,4055,68,0,26802,0,0,0,36,5399,74,0,0,5358,79,3048,41,5,14,6,1,0,1,0,3,36,0,514,11,14,0,1,0,0,0,6,3,0,0,2,0,5,0,3,277,2,0,6,2,2708,37,7,0,0,0,10,69,28,0,1,14,0,6,20,0,0,32,0,0,0,2,0,0,0,0,33,0,12,230,0,5,0,0,301,0,0,0,13,7,834,11,0,0,0,0,8,0,3344
"G4_32",4561,0,0,167,6,80,0,245,0,9,0,14,14,27,0,0,0,46,5,0,12,0,4,10,0,0,0,1,5,0,1,1,0,0,0,0,3,0,0,0,0,0,0,0,0,0,9,0,0,0,2,2,1,0,0,0,0,0,3,0,0,0,0,0,0,0,0,0,0,0,0,0,0,0,0,0,4,0,0,0,0,7,0,0,0,0,6,0,0,0,3,0,0,0,0,0,0,0,3,0,135
"G4_33",658,0,0,87,136,47,0,125,0,0,0,0,30,26,0,0,6,42,4,0,12,0,10,0,0,1,0,22,8,0,0,4,0,0,0,0,0,0,0,0,0,0,0,0,4,0,0,6,0,0,1,0,0,2,0,0,0,0,7,4,0,0,0,4,2,0,40,0,0,3,0,7,0,0,0,0,0,2,0,0,0,1,0,6,0,0,2,0,0,0,8,0,0,0,0,0,1,0,1,0,412
"G4_34",6794,0,0,295,52,128,0,201,0,0,0,0,114,43,0,0,19,27,23,2,7,0,28,17,0,11,0,11,3,0,11,15,2,0,6,0,21,0,0,0,0,31,7,0,0,0,2,22,0,0,15,4,0,1,1,0,4,0,0,8,6,0,0,2,0,0,0,0,4,0,0,39,0,0,0,0,3,0,0,0,0,21,0,0,0,0,1,0,0,0,0,0,0,3,0,0,2,0,1,0,405
"G4_35",14526,0,0,93,291,43,0,1189,0,0,0,0,386,20,0,2,423,27,20,0,1,0,0,10,0,3,0,17,2,0,102,5,1,0,1,0,9,0,0,0,0,0,0,0,0,0,0,122,0,0,0,2,1,11,0,1,0,0,1,26,0,0,0,0,0,0,3,0,0,12,0,0,0,0,0,2,0,0,2,0,0,17,0,2,0,0,14,0,0,0,0,0,4,0,0,0,0,0,0,0,389
"G4_41",49,0,0,249,2894,102,0,29,0,0,0,2,356,27,0,9,5,78,385,3,13,0,16,13,0,2,0,4,5,1,1,4,12,0,0,0,6,0,0,21,0,0,3,0,23,0,4,2,0,0,4,8,0,0,2,1,0,0,3,0,3,8,0,8,0,0,63,0,9,1,0,0,0,0,0,5,1,1,0,0,0,0,0,22,0,0,0,0,9,0,2,7,0,0,0,0,1,0,92,0,2102
"G4_42",787,0,0,703,1583,301,0,2428,0,0,0,0,1837,74,0,0,0,70,333,0,23,0,11,14,2,32,0,8,8,0,0,21,0,0,0,0,0,0,0,0,0,0,0,0,20,0,5,0,0,0,6,7,0,0,0,0,0,0,2,0,3,0,0,2,0,0,0,0,2,4,0,3,0,0,0,15,5,7,0,0,0,1,0,0,0,0,0,0,0,0,0,0,0,0,0,0,3,0,16,0,87
"G4_43",3782,0,0,211,637,18,0,987,0,13,0,97,156,21,0,2473,323,38,163,80,5,0,12,0,0,5,0,0,6,873,97,7,1,0,0,0,1,0,1,24,0,0,1,56,16,37,0,320,1,0,0,0,7,1,2,0,0,0,0,0,5,0,0,5,0,0,55,0,0,1897,0,0,0,0,0,0,3,3,9,0,0,2,0,52,0,0,44,0,4,0,0,0,1335,0,0,0,1,0,36,0,67804
"G4_44",166,0,0,110,304,57,0,415,0,0,0,0,68,68,0,0,5,16,36,0,11,0,1,8,0,0,1,18,13,0,0,7,0,0,0,0,1,0,0,9,0,0,0,0,6,0,0,0,0,0,9,3,0,0,1,0,0,0,2,0,2,0,0,0,0,0,0,0,5,1,0,0,0,0,0,0,10,1,0,0,0,0,8,0,0,0,0,0,0,0,0,2,1,0,0,0,3,0,9,0,137
"G5_11",1759,0,0,177,361,90,0,217,0,0,0,0,60,53,0,0,55,8,9,0,9,0,12,8,0,8,0,20,35,0,1,15,2,0,21,0,3,0,0,0,0,0,0,0,0,0,7,42,52,0,1,6,3,0,0,0,0,0,0,6,0,0,0,0,0,0,0,0,2,0,0,0,0,0,0,6,0,1,0,11,2,6,0,0,0,0,23,0,0,0,0,0,0,0,0,0,0,0,0,0,195
"G5_12",434,0,0,925,341,361,0,341,0,0,0,27,208,17,0,0,14,51,4,0,38,0,48,28,5,29,0,16,16,0,0,8,0,0,0,0,14,0,0,0,0,0,0,0,0,0,11,3,3,0,9,8,1,1,29,0,0,0,0,0,0,0,0,0,0,0,0,0,0,0,0,0,0,0,0,15,11,7,0,40,0,0,31,0,0,0,0,0,0,0,0,0,0,0,0,0,4,0,0,0,53
"G5_13",26631,0,0,98,1570,176,0,4024,0,1,0,0,503,25,0,0,242,24,203,0,6,3,15,7,1,5,5,7,6,0,246,10,1,0,210,0,3,0,2,6,0,0,1,0,0,0,10,334,1659,0,4,5,689,57,0,0,0,0,8,68,1,0,0,2,0,0,4,0,0,0,0,0,0,0,0,0,4,3,0,0,7,68,0,18,0,0,230,0,0,0,0,0,553,0,0,0,2,0,15,0,1551
"G5_14",1672,0,0,735,272,405,0,985,0,0,0,13,263,18,0,0,543,92,176,72,43,2,30,43,0,19,3,14,10,0,27,11,2,0,17,0,0,0,3,0,0,0,0,2,0,0,20,72,17,0,20,8,44,7,7,0,0,0,15,9,0,0,0,3,0,0,1,0,11,0,0,0,0,0,0,4,9,4,0,0,0,7,0,0,0,0,3,0,0,0,0,0,6,0,0,0,0,0,0,0,298
"G5_15",71318,0,0,303,320,141,0,2303,0,2,0,1,1615,15,0,0,103,5,339,0,10,0,24,9,0,14,0,5,3,0,0,3,0,0,12,0,2,0,0,15,0,0,0,0,0,0,0,24,15,0,10,3,12,3,3,2,0,0,0,9,0,0,0,0,0,0,0,0,1,1,0,0,0,26,0,1,2,0,0,0,1,83,0,3,0,0,180,0,0,0,0,0,0,0,0,0,0,0,0,0,190
"G5_21",4913,0,0,388,12390,172,0,1012,0,0,0,15,6703,38,0,0,857,34,2543,5,32,13,17,1,0,3,0,6,24,0,20,14,0,0,15,4,5,0,0,0,0,0,0,0,0,0,1,33,39,0,6,6,146,7,0,0,0,0,3,7,1,0,0,1,4,0,1,0,2,1,0,0,0,0,0,1,6,6,0,27,1,13,67,0,0,0,5,0,0,0,0,0,0,0,0,0,0,0,0,0,721
"G5_22",115616,0,0,122,354,32,0,7490,0,3,0,5,2308,10,0,0,36,9,1134,1,8,0,2,3,0,0,0,4,3,0,0,2,4,0,1,0,1,0,0,0,0,0,0,1,0,0,0,0,14,0,1,6,98,1,0,0,0,0,1,0,0,0,0,0,0,0,0,0,0,0,0,0,0,0,0,1,13,1,0,0,0,253,0,1,0,0,2107,0,0,0,0,0,0,0,0,0,0,0,0,0,172
"G5_23",14392,0,0,388,461,91,0,1817,0,18,0,0,529,34,0,0,28,50,524,1,19,0,3,1,0,16,0,3,7,0,0,1,0,0,0,0,1,0,0,0,0,0,4,0,0,0,0,4,37,0,3,4,16,1,1,0,0,0,2,0,0,0,0,0,0,0,5,0,2,2,0,0,0,0,0,8,5,2,0,0,0,23,0,0,0,0,3,0,0,0,0,0,0,0,0,0,1,0,3,0,311
"G5_24",32829,0,0,705,2001,295,0,2465,0,0,0,30,445,40,0,0,207,42,28,10,40,0,56,8,0,9,0,24,9,0,0,12,0,0,2,0,12,0,0,0,0,0,0,0,0,0,0,9,21,0,12,1,34,0,1,14,3,0,0,0,10,0,0,0,0,0,2,0,9,0,0,0,0,1,0,5,5,10,0,0,0,56,0,0,0,0,9,0,0,0,0,0,0,0,0,0,0,0,0,0,239
"G5_25",25310,0,0,284,1419,100,0,10274,0,0,0,0,2431,8,0,0,2,19,491,0,3,0,14,12,0,6,3,5,2,2,0,1,0,0,0,0,0,0,0,0,0,0,4,19,2,0,2,3,2,0,10,11,15,5,4,18,0,0,0,0,0,0,0,0,1,0,0,0,0,29,0,0,0,0,0,0,16,3,0,0,0,46,0,7,0,0,11,0,0,0,0,0,0,4,0,0,0,0,0,0,464
"G5_31",1010,0,0,307,14018,150,0,3338,0,0,0,1744,3537,30,0,0,361,28,331,0,17,14,18,28,0,17,0,12,6,0,3,20,7,0,0,0,3,0,0,23,0,0,1,0,4,0,1,25,5,0,26,13,52,4,2,1,4,0,0,6,2,0,0,0,0,2,11,0,3,0,0,0,0,1,0,4,0,6,0,17,0,1,0,0,0,0,0,0,0,0,0,1,71,1,0,0,0,0,0,0,563
"G5_32",100,0,0,686,675,601,0,228,0,0,0,21,748,71,0,3,971,124,811,104,21,5,63,89,0,54,0,28,21,0,0,25,2,0,0,0,11,0,0,20,0,0,0,0,0,0,14,10,0,0,46,27,5,0,10,0,0,0,7,5,0,0,0,11,0,0,7,0,4,0,0,0,0,0,0,15,27,9,8,2,0,0,3,1,0,0,1,0,0,0,0,0,0,10,0,0,6,0,7,1,1115
"G5_33",94985,0,0,483,1237,175,0,8612,0,2,0,0,1111,12,0,36,266,50,55,0,17,1,24,29,2,24,0,5,4,15,0,0,0,0,0,1,2,0,0,2,0,0,1,0,1,0,11,53,207,0,18,3,46,0,1,2,3,0,6,8,4,0,0,0,0,0,30,0,5,6,0,0,0,0,0,2,3,7,0,0,0,223,0,1,0,0,462,0,0,3,0,0,0,0,0,0,5,0,0,0,946
"G5_34",1701,0,0,117,61710,40,0,4475,0,0,0,4,3836,5,0,1,145,28,1602,0,11,1,8,2,0,2,0,3,2,0,0,1,0,0,0,0,1,0,0,5,0,0,2,5,0,0,0,1,0,0,0,0,43,0,2,0,0,0,1,0,0,0,0,2,0,0,1,0,2,2,0,1,0,3,0,0,0,1,0,0,0,2,5,0,0,0,0,0,0,0,0,0,0,0,0,0,0,0,0,0,541
"G5_35",33,0,0,112,14538,48,0,609,0,0,0,2,1061,28,0,0,81,19,1187,0,1,0,3,4,0,1,0,10,10,0,7,11,0,0,5,0,0,0,1,9,0,0,0,0,0,0,2,1,0,0,5,0,3,0,0,0,0,0,3,0,0,0,0,0,0,0,0,0,0,1,0,0,0,0,0,0,0,0,0,0,0,0,0,0,0,0,0,0,0,0,0,0,0,0,0,0,1,0,0,0,64
"G5_41",4,0,0,333,1164,160,0,15,0,0,0,0,204,26,0,0,3,43,97,3,15,0,22,6,3,6,0,11,6,0,0,11,10,0,0,0,0,0,12,10,0,0,5,0,98,0,2,0,0,0,14,2,0,0,2,0,0,0,6,0,4,0,0,3,0,0,1,0,0,45,19,0,0,0,0,2,1,9,0,0,0,0,0,0,0,0,0,0,0,0,0,0,0,0,0,0,2,0,1,0,383
"G6_11",7100,0,10,448,115,165,0,847,2,16,0,0,221,26,0,0,18,28,0,0,20,0,12,5,0,30,1,10,4,0,0,18,0,0,5,0,2,0,0,0,0,0,0,0,1,0,9,17,1,0,7,2,27,1,11,12,0,0,6,13,0,0,0,0,0,0,0,0,6,0,2,0,0,0,0,1,7,4,0,0,8,26,0,0,0,0,32,0,2,0,0,0,0,0,0,0,10,0,0,0,114
"G6_12",26205,0,0,521,461,200,0,705,0,155,0,0,188,69,0,0,62,20,0,0,12,0,10,6,0,32,0,17,11,0,0,20,0,0,0,0,17,0,1,0,0,0,0,0,0,0,1,0,0,0,5,5,103,2,2,0,0,0,0,0,0,0,0,1,0,0,0,0,0,0,0,0,0,27,0,1,5,5,0,0,0,48,0,0,0,0,92,0,0,0,0,0,0,0,0,0,5,0,0,0,127
"G6_21",132,0,0,684,430,331,0,137,0,0,0,0,120,40,0,0,579,45,4,0,36,0,31,61,0,20,0,27,16,0,0,3,2,0,9,0,5,0,0,5,0,0,0,5,7,0,1,47,2,0,10,12,1,39,6,11,0,0,5,20,5,0,0,1,1,0,8,0,3,0,3,0,0,0,0,10,23,2,0,0,12,0,0,1,0,0,0,0,0,0,0,0,0,0,0,0,0,0,13,0,1187
"G6_22",876,0,0,540,4042,278,0,1251,0,0,0,30,412,53,0,0,1160,72,526,1,41,0,49,19,0,9,0,22,42,0,0,14,4,0,2,0,0,0,0,102,0,0,0,0,67,0,8,17,0,0,12,2,43,10,24,5,0,0,26,3,0,0,0,0,10,0,0,0,1,0,8,0,0,102,0,11,0,3,0,0,0,1,0,0,0,0,0,0,0,0,0,0,0,0,0,0,0,0,2,0,465
"G6_24",81,0,0,482,2362,226,0,298,0,0,0,168,477,10,0,5,17,50,639,1,43,0,12,9,0,14,0,4,6,1,0,1,4,0,0,0,0,0,0,2,0,0,0,5,12,0,9,15,0,0,4,1,41,6,3,0,0,0,3,5,0,0,0,0,0,0,0,0,0,0,6,0,0,0,0,1,9,5,0,0,4,0,2,0,0,0,0,0,0,0,0,0,0,0,0,0,5,0,0,0,1381
"G6_31",72768,0,0,60,3805,34,0,2956,0,0,0,0,212,17,0,1,771,11,261,0,9,0,7,2,0,0,1,3,1,0,4,1,1,0,0,0,7,0,1,6,0,3,1,0,3,0,0,3,54,0,3,0,1,0,0,1,0,0,5,5,0,0,0,0,2,0,2,0,0,0,0,12,0,1,0,1,2,1,0,0,0,213,0,0,0,0,91,0,0,0,0,0,0,0,0,0,0,0,0,0,113
"G6_32",1064,0,0,117,6612,53,0,61,0,0,0,2,60,18,0,0,95,28,2,1,6,0,0,7,0,2,0,5,4,0,0,1,1,0,0,0,0,0,0,42,0,0,0,0,0,0,1,0,0,0,0,0,0,0,5,1,1,0,3,0,2,0,0,0,0,0,0,0,0,0,1,0,0,2,0,0,2,0,0,0,0,3,0,0,0,0,0,0,0,0,0,0,0,0,0,0,2,0,0,0,32
"G6_33",2,0,0,180,3130,86,0,2,0,0,0,0,325,14,0,0,193,21,118,12,2,0,5,13,0,8,0,7,5,0,0,5,0,0,0,0,0,0,0,271,0,0,2,1,13,0,0,0,3,0,4,1,0,0,1,4,0,0,1,0,6,0,0,0,0,0,5,0,0,0,1,0,0,0,0,0,1,1,4,0,0,0,0,0,0,0,0,0,0,0,0,0,0,0,0,0,0,0,0,0,252
"G6_34",3,0,0,139,13895,40,0,70,0,0,0,0,4034,7,0,0,70,21,1063,0,5,0,3,3,0,5,0,3,1,0,0,4,1,0,0,0,0,0,0,1148,0,0,0,0,0,0,2,0,1,0,2,1,20,0,0,0,0,0,3,0,0,0,0,0,1,0,2,0,1,0,0,0,0,0,0,0,1,1,0,0,0,0,0,0,0,0,0,0,0,0,0,0,0,0,0,0,0,0,0,0,56
"G6_35",116,0,0,85,1408,27,0,159,0,0,0,0,355,13,0,0,228,8,44,3,6,0,9,1,0,2,0,1,0,0,0,3,1,0,0,0,0,0,2,58,0,0,0,0,9,0,0,0,0,0,1,5,41,0,3,0,0,0,1,0,0,0,0,0,0,0,2,0,0,0,0,0,0,0,0,0,0,2,0,0,0,0,0,0,0,0,1,0,0,0,0,0,0,0,0,0,1,0,0,0,37
"G6_41",1609,0,0,191,484,74,0,96,0,0,0,0,124,12,0,0,68,20,12,0,7,0,9,1,0,6,0,10,15,0,0,5,0,0,1,0,0,0,0,3,0,0,0,0,130,0,0,1,1,0,5,0,3,0,0,0,0,0,0,0,1,6,0,0,0,0,1,0,4,0,40,0,0,0,0,0,0,4,0,0,0,5,0,0,0,0,0,0,0,0,0,0,0,0,0,0,0,0,4,0,252
"G6_42",109,0,0,330,577,301,0,114,0,0,0,0,9,14,0,0,173,23,0,0,15,0,13,14,0,8,0,3,5,0,0,3,2,0,0,0,10,0,0,0,0,0,0,0,49,0,1,0,2,0,4,1,3,0,1,0,0,0,1,0,0,0,0,0,0,0,0,0,1,0,13,0,0,2,0,0,6,9,0,0,0,0,0,0,0,0,0,0,0,0,0,0,0,0,0,0,7,0,4,0,117
"G6_43",107,0,0,74,316,43,0,12,0,0,0,0,37,9,0,187,23,6,29,0,4,0,3,9,0,3,0,6,5,66,0,5,0,0,0,0,1,0,0,0,0,0,0,0,43,0,0,1,2,0,5,0,4,0,4,0,0,0,1,0,0,0,0,2,0,0,4,0,6,0,1,0,0,0,0,4,5,4,0,0,0,0,0,0,0,0,0,0,0,0,0,0,0,0,0,0,0,0,0,0,247
"G7_21",0,0,0,149,0,91,0,0,0,0,0,0,4,10,0,0,1,23,0,0,15,0,9,10,2,4,0,5,13,0,0,1,2,0,0,0,6,0,0,1,0,0,0,4,5,0,2,1,0,0,3,4,0,0,0,34,0,0,2,0,32,0,0,3,68,0,0,0,0,0,38,6,0,0,0,4,4,0,3,3,0,0,13,0,0,0,0,0,12,0,7,0,0,0,0,0,3,0,3,0,404
"G7_22",0,0,0,282,0,113,0,0,0,0,0,0,6,15,0,0,0,18,0,0,19,47,12,14,0,4,0,3,5,0,0,4,229,0,0,0,4,0,324,0,0,0,9,0,5,0,6,1,0,0,7,8,0,0,1,72,0,0,5,0,16,0,0,0,9,0,6,0,0,3,3,0,0,0,0,5,3,0,0,1,0,0,0,0,0,2,0,0,12,0,1,1,0,0,0,0,1,0,5,0,836
"G7_31",0,0,0,57,0,45,0,0,0,0,0,3,0,10,0,0,0,5,0,0,1,16,4,1,0,0,0,4,1,0,0,4,0,0,0,0,1,0,0,2,0,0,1,0,0,0,1,1,0,0,0,0,0,0,1,0,0,0,0,0,3,0,0,3,1,0,0,0,0,0,0,0,0,0,0,0,1,1,0,0,0,0,0,0,0,0,0,0,2,0,0,0,0,0,0,0,0,0,12,0,759
"G7_32",0,0,0,223,3,83,0,2,0,0,0,5,2,12,0,0,0,26,0,0,10,227,3,3,1,4,0,7,9,0,0,2,19,0,0,0,2,0,6,5,0,0,0,0,46,0,0,9,0,0,0,3,2,0,0,26,5,0,4,0,32,0,0,1,5,0,14,0,6,0,22,0,0,0,0,0,2,8,1,13,0,0,0,0,0,2,0,0,48,0,0,0,0,0,0,0,0,0,6,0,551
"P1_11",60874,0,0,201,0,176,0,5,0,2699,0,283,0,25,1062,5,0,33,0,2682,22,0,16,24,0,15,18,8,3,3,5,2,0,23,0,0,3,0,0,0,0,0,0,0,0,0,4,0,0,0,11,4,0,0,1,0,0,10,7,0,0,0,27,0,0,0,0,32,3,0,0,0,0,0,0,2,0,2,0,0,6,143,1,0,0,0,0,2,0,0,0,0,0,0,0,0,0,0,0,0,349
"P1_12",42859,0,0,223,0,147,0,0,0,8912,0,0,0,42,11879,0,0,57,0,348,25,0,20,14,0,17,21,14,9,0,5,7,1,0,0,0,1,1,0,0,0,0,0,0,0,0,0,0,0,0,4,1,0,0,5,0,0,0,0,0,0,0,0,0,0,0,0,3,0,0,0,0,0,0,0,3,6,0,0,0,0,97,0,0,0,0,0,1,0,0,0,0,0,3,0,0,0,0,0,0,128
"P1_13",15873,0,0,252,0,97,0,7,0,1643,0,0,0,78,2125,0,0,26,0,114,10,0,2,10,0,1,22,17,12,0,1,18,0,0,0,46,0,0,0,0,0,0,1,25,0,0,3,0,0,0,10,0,0,0,3,0,0,0,0,0,0,0,0,0,0,0,0,100,1,0,0,0,0,0,0,0,2,0,0,0,1,23,0,0,0,0,0,11,0,0,0,0,0,0,0,0,0,0,0,0,39
"P1_14",719,0,0,12,0,3,0,0,0,94,0,0,0,5,41,0,0,0,0,0,0,0,0,0,0,1,1,1,1,1,2,0,0,0,0,0,0,7,0,0,0,0,0,0,0,0,0,0,0,0,0,0,0,0,0,0,0,0,0,0,0,0,0,0,0,0,1,0,0,0,0,0,0,0,0,0,0,0,0,0,0,0,0,0,0,0,0,0,0,0,0,0,0,5,0,0,0,0,0,0,174
"P1_15",11,7,0,96,0,138,7,1,10,0,0,0,0,25,0,0,0,18,0,0,12,0,12,14,202,2,3,1,6,0,3,1,0,11,0,6,6,0,0,0,0,8,0,0,0,0,1,0,0,0,1,3,0,0,4,0,0,0,5,0,0,0,2,0,0,0,0,0,7,0,0,0,5,0,0,1,4,1,0,5,2,0,0,0,0,0,0,4,0,0,0,0,0,0,0,7,1,0,0,0,29
"P1_16",0,307,0,35,0,32,144,1,247,0,0,0,0,9,0,0,0,1,0,0,2,0,0,0,1,0,7,4,1,0,0,3,0,15,0,9,1,5,0,0,0,1,0,0,0,0,0,0,0,0,0,0,0,0,0,0,3,4,0,0,0,0,0,0,0,0,0,0,0,0,0,0,2,0,0,1,0,0,0,0,0,0,0,0,0,0,0,1,0,0,1,0,0,0,0,0,0,0,0,0,37
"P1_17",7,3516,0,288,0,244,1481,0,0,0,0,0,0,11,0,1,0,32,0,0,21,0,28,38,0,7,5,9,3,0,3,5,0,10,0,4,3,11,0,0,0,3,0,0,0,0,8,0,0,0,17,6,0,0,7,0,0,2,0,0,0,4,17,0,0,3,0,0,5,0,0,3,0,0,0,7,2,2,0,0,3,0,0,0,0,0,0,0,0,0,0,0,0,0,0,0,3,0,0,0,50
"P1_21",8353,0,0,490,1,120,0,9,0,2900,0,1554,0,220,1636,0,0,32,0,2235,4,0,11,5,0,26,206,24,38,0,11,39,0,6,0,0,15,47,0,0,189,0,0,0,0,0,0,0,0,0,0,0,0,0,10,0,0,11,0,0,0,0,0,0,0,0,0,53,0,0,0,0,0,0,0,0,0,12,0,0,6,19,0,0,0,0,0,2,0,0,0,0,0,0,0,0,0,0,0,0,112
"P1_22",13352,0,0,95,0,92,0,1,0,2903,0,0,0,12,3,0,0,3,0,1,5,0,3,10,0,7,11,2,3,0,3,3,0,5,0,0,6,5,0,0,0,0,0,0,0,0,0,0,0,0,2,0,0,0,0,0,0,1,0,0,0,0,0,2,0,0,0,4,0,0,0,0,1,1,0,2,0,0,0,0,1,36,0,0,0,0,0,4,0,0,0,0,0,1,0,0,1,0,0,0,96
"P1_23",464,34473,11,598,0,271,30678,20,2,0,0,0,0,16,0,0,5,18,0,0,26,0,5,63,0,38,48,5,16,0,4,24,0,119,0,226,0,52,0,0,0,9,3,5,0,0,2,0,0,0,0,1,0,0,0,0,10,69,0,0,0,0,2,1,0,0,0,0,5,0,0,0,4,0,0,0,0,1,0,0,0,0,0,0,0,0,0,4,0,0,0,0,0,1,0,0,2,0,0,0,756
"P1_24",10,36658,6,1002,0,634,1111,74,40,1,0,0,0,21,0,0,0,35,0,0,50,0,56,69,0,64,59,27,13,0,9,9,0,139,0,72,14,83,0,0,0,3,14,0,0,0,20,0,0,0,0,1,0,0,59,0,16,58,0,9,0,2,0,0,0,0,0,3,9,0,0,0,11,7,0,9,0,6,0,0,2,0,0,0,0,3,0,7,0,0,0,0,0,3,0,0,15,3,0,0,805
"P1_25",5,12482,55,613,0,480,6777,24,11095,0,0,1,0,19,0,0,1,18,0,0,23,0,42,82,0,46,22,4,13,0,0,16,0,252,0,92,8,22,0,0,0,28,12,0,0,0,11,0,0,0,1,1,0,0,1,0,67,78,2,0,0,0,21,0,0,0,0,0,4,0,0,0,1,1,0,5,0,11,0,0,0,0,0,0,0,0,0,5,0,0,0,0,0,0,0,0,8,0,0,0,279
"P1_31",305,5286,2,243,0,144,3589,9,0,2,0,37,0,57,0,3,0,42,0,0,13,0,24,44,0,2,77,16,14,0,42,20,13,229,0,113,2,48,0,0,0,23,17,0,0,0,4,0,0,0,0,1,0,0,2,0,31,76,0,0,0,0,0,0,0,0,0,0,0,0,0,0,39,3,0,0,0,0,0,0,0,0,0,0,0,0,0,0,0,0,5,0,0,1,0,0,2,0,0,0,539
"P1_32",1109,0,0,14,0,1,0,0,0,719,0,0,0,32,306,1,0,0,0,0,3,0,0,0,2,0,4,27,5,0,17,12,0,0,0,1,0,16,0,0,0,0,2,0,0,0,0,0,0,0,0,0,0,0,0,0,0,0,5,0,0,0,3,0,0,0,0,17,0,0,0,0,0,1,0,0,0,0,0,0,0,1,0,0,0,0,0,0,0,0,0,0,0,1,0,0,0,0,0,0,149
"P1_33",3983,0,0,22,0,2,0,0,0,622,0,0,0,11,2048,3,0,1,0,0,4,0,0,0,0,3,10,2,1,0,31,0,0,12,0,5,8,1,0,0,0,0,0,0,0,0,0,0,0,0,0,0,0,0,0,0,0,2,2,0,0,0,0,0,0,0,0,17,0,0,0,0,8,1,0,0,0,0,0,0,0,5,0,0,0,0,0,0,0,0,0,0,0,3,0,0,0,5,0,0,86
"P1_34",3,3463,1,71,0,37,381,0,0,1,0,0,0,14,0,2,0,4,0,0,0,0,4,0,0,2,7,4,5,0,0,0,0,1,0,0,4,1,0,0,0,0,0,0,0,0,1,0,0,0,0,0,0,0,2,0,0,0,0,0,0,0,0,0,0,0,0,0,0,0,0,0,0,0,0,0,1,0,0,0,0,0,0,0,0,0,0,0,0,0,0,0,0,0,0,0,1,0,0,0,18
"P1_35",10408,0,0,257,0,47,0,21,0,544,0,4,0,42,1120,9651,0,29,0,0,15,0,2,3,0,6,7,20,9,2441,86,13,0,9,0,5,0,13,0,0,0,0,17,0,0,10,2,0,0,0,4,8,0,0,0,0,0,16,5,0,0,0,0,5,0,0,0,18,0,4,0,0,0,0,0,0,0,4,15,0,0,27,0,0,0,0,0,0,0,0,0,0,0,5,0,0,0,2,0,0,2242
"P1_36",83091,0,0,233,2,87,0,0,0,9045,0,0,0,30,1002,861,0,34,0,1012,11,0,19,11,0,5,0,5,2,244,26,14,0,25,1,1,14,0,0,0,0,0,2,0,0,0,0,0,0,0,1,1,0,1,0,0,0,23,11,1,0,0,0,0,0,0,0,13,1,0,0,0,5,0,0,0,2,0,0,0,0,163,0,0,0,0,0,0,0,0,0,0,0,0,0,0,0,0,0,0,913
"P1_37",5215,0,0,424,0,232,0,2,0,149,0,0,0,49,412,78,0,81,0,47,23,0,43,28,0,29,4,2,0,27,7,19,0,0,0,14,5,1,0,0,0,0,8,0,0,0,2,0,0,0,24,8,0,0,0,0,1,0,31,0,0,0,0,0,0,0,0,8,7,0,0,0,0,0,0,0,12,11,0,0,0,14,0,0,0,0,0,0,0,0,0,0,0,0,0,0,4,0,0,0,217
"P1_38",3556,0,0,290,0,128,0,0,0,540,0,0,0,69,1308,251,0,30,0,613,23,0,4,30,0,1,7,14,22,52,5,8,1,0,0,0,3,0,0,0,0,0,6,0,0,0,5,0,0,0,12,0,0,0,0,0,0,0,18,0,0,0,0,0,0,0,0,0,4,0,0,0,0,0,0,0,0,0,6,0,0,11,0,0,0,0,0,0,0,0,0,0,0,0,0,0,0,0,0,0,77
"P1_41",71254,2,0,279,0,116,0,4,0,3295,0,0,0,22,10928,2,0,29,0,89,16,0,9,9,0,13,10,15,3,0,12,5,4,1,0,0,1,1,0,0,0,0,0,1,0,0,3,0,0,0,0,0,0,0,0,0,0,6,0,4,0,0,7,2,0,0,0,21,0,0,0,0,0,0,0,3,0,1,0,0,7,133,0,0,0,0,0,11,0,0,0,0,0,0,0,0,4,0,0,0,212
"P1_42",8989,0,0,277,0,280,0,0,0,976,0,0,0,35,87,14,0,11,0,0,17,0,16,19,0,43,0,7,23,0,1,10,0,1,0,0,16,0,0,0,0,0,2,0,0,0,1,0,0,0,0,0,0,0,0,0,0,0,0,0,0,0,3,1,0,0,0,0,3,0,0,0,0,0,0,6,0,1,0,0,3,19,2,0,0,0,0,0,0,0,0,0,0,0,0,0,3,0,0,0,81
"P1_43",3216,0,0,174,0,88,0,2,0,217,0,0,0,22,67,6,0,10,0,16,10,0,13,9,2,15,26,7,2,0,19,2,0,0,0,0,0,1,0,0,0,3,1,0,0,0,6,0,0,0,1,1,0,0,0,0,0,0,0,0,0,0,51,0,0,0,0,6,1,0,0,0,0,0,0,5,0,1,0,0,9,6,0,0,0,0,0,14,0,0,0,0,0,0,0,0,1,0,0,0,159
"P1_44",13951,0,0,313,0,108,0,6,0,1792,0,0,0,34,9326,4,0,7,0,547,13,0,12,18,0,7,29,17,19,0,30,8,0,2,0,0,0,0,0,0,0,0,23,0,0,0,4,0,0,0,0,0,0,0,0,0,0,0,2,0,0,0,3,0,0,0,0,6,5,0,0,0,0,0,0,1,0,0,0,0,1,13,0,0,0,0,0,1,0,0,0,0,0,0,0,0,0,0,0,0,207
"P1_45",12,2461,1,128,0,200,2,0,1,0,0,0,0,9,0,0,0,5,0,0,8,0,9,11,0,9,1,2,2,0,9,3,0,4,0,14,1,1,0,0,0,5,5,0,0,0,0,0,0,0,0,1,0,0,0,0,0,5,2,0,0,0,8,1,0,0,0,0,1,0,0,0,4,0,0,0,0,0,0,0,2,0,0,0,0,0,0,0,0,0,0,0,0,0,0,0,2,0,0,0,68
"P1_51",12,0,0,249,0,243,0,46,0,2,0,4,0,23,0,27,0,51,0,0,19,0,14,21,2,20,12,3,8,5,2,9,8,103,0,60,2,4,0,0,0,23,21,0,0,0,1,0,0,0,7,7,0,0,1,0,53,22,0,0,0,3,0,3,0,0,0,0,4,0,0,6,12,0,0,2,1,6,0,0,0,0,0,0,0,3,0,0,0,0,8,1,0,0,0,0,1,0,0,0,963
"P1_52",21,0,0,67,0,10,0,0,0,9,0,0,0,12,0,27051,0,7,0,49,2,0,4,0,0,1,4,2,0,9144,2,0,0,0,0,0,0,0,0,0,0,0,1,0,0,0,0,0,0,0,0,0,0,0,0,0,0,0,0,0,0,0,0,0,0,0,0,0,1,0,0,0,0,0,0,0,0,0,0,0,0,0,0,0,0,0,0,0,0,0,0,0,0,0,0,0,0,0,0,0,2127
"P1_53",16339,0,0,1493,0,437,0,1,0,2566,0,0,0,21,1377,199,0,150,0,0,70,0,34,40,1,40,40,1,1,66,14,11,0,6,0,2,13,24,0,0,0,1,4,0,0,0,3,0,0,0,15,21,0,0,8,0,0,1,2,0,0,4,1,0,0,0,0,5,10,0,0,1,0,0,0,4,9,5,0,0,0,30,0,0,0,0,0,0,0,0,0,0,0,0,0,0,5,0,0,0,313
"P1_54",1945,0,0,77,0,5,0,2,0,4483,0,0,0,53,84,2647,0,6,0,0,4,0,1,4,0,0,3,11,17,950,15,12,0,3,0,0,3,7,0,0,0,0,1,0,0,0,0,0,0,0,3,0,0,0,0,0,1,1,6,0,0,14,0,0,0,0,0,0,0,2,0,0,20,0,0,1,0,0,1,0,0,7,0,0,0,0,0,4,0,0,0,0,0,0,0,24,0,12,0,0,406
"P1_55",20,3200,0,1640,0,990,3245,7,2,0,0,215,0,104,0,0,1,197,0,0,134,0,31,116,0,18,806,8,34,0,0,33,0,317,0,250,1,91,0,0,0,43,53,0,0,0,8,0,0,0,63,63,0,0,12,0,362,65,33,0,0,4,0,4,0,0,0,0,1,0,0,0,172,0,0,18,2,1,0,0,0,0,0,0,0,1,0,0,0,0,0,0,0,0,0,0,13,0,0,0,1044
"P2_11",6422,0,0,527,0,258,0,0,0,709,0,0,0,19,699,0,0,75,0,195,22,0,29,18,2,8,19,18,15,0,2,5,0,0,0,0,1,3,0,0,364,0,3,0,0,0,3,0,0,0,3,9,0,0,4,0,0,1,12,5,0,12,1,1,0,0,0,8,4,0,0,0,0,2,0,3,1,1,0,29,3,17,0,0,0,0,0,6,0,6,0,1,0,28,0,0,3,0,0,0,1468
"P2_12",613,0,0,210,0,138,0,0,0,32,0,10,0,28,37,0,0,49,0,3,11,0,2,5,0,20,0,39,5,0,0,4,0,2,0,0,0,2,0,0,0,0,0,0,0,0,1,0,0,0,0,0,0,0,0,0,0,0,0,0,0,0,0,0,0,0,0,0,0,0,0,0,0,0,0,0,0,1,3,0,14,2,0,0,0,0,0,0,0,0,0,5,0,7,0,0,0,0,0,0,163
"P2_13",1415,0,0,485,0,355,0,0,0,7,0,0,0,45,3,0,0,21,0,10,38,0,49,30,0,8,10,15,3,0,0,19,9,5,2,10,2,0,0,0,0,0,3,0,0,0,15,0,0,0,13,9,0,0,12,0,2,23,19,0,0,0,0,220,0,2,1,2,5,2,0,5,0,0,0,0,3,2,0,169,0,1,0,0,0,0,0,0,0,0,3,0,0,20,0,0,2,0,0,0,11774
"P2_14",845,0,0,376,0,234,0,10,0,179,0,3,0,31,44,1,0,26,0,79,33,0,29,34,0,13,36,3,11,0,2,7,0,0,0,0,10,2,0,0,345,5,5,0,0,0,13,0,0,0,9,15,0,0,8,0,0,0,11,2,0,267,5,21,0,0,0,14,1,0,0,0,1,0,0,1,2,1,10,4,4,1,0,0,0,0,0,6,0,0,0,0,0,28,0,0,0,11,0,0,2985
"P2_15",15,602,0,513,0,186,678,0,1,0,0,10,0,27,0,0,0,39,0,0,37,0,29,19,0,14,0,14,19,0,0,7,0,1,0,6,17,0,0,0,0,10,0,0,0,0,3,0,0,0,3,2,0,0,9,0,0,0,0,1,0,0,0,0,0,0,0,0,0,0,0,0,0,0,0,2,1,2,0,0,1,0,0,0,0,0,0,1,0,0,0,0,0,0,0,42,4,3,0,0,87
"P2_16",0,1390,1,252,0,130,370,1,0,0,0,0,0,20,0,0,0,12,0,0,14,0,5,11,2,3,1,6,6,0,5,8,0,0,0,0,2,0,0,0,34,17,1,0,0,0,0,0,0,0,5,6,0,2,7,0,0,4,2,3,0,1,4,1,0,0,0,0,0,0,0,5,0,3,0,0,3,2,0,0,9,0,0,0,0,0,0,1,0,0,1,0,0,0,0,0,5,0,0,0,206
"P2_21",1333,8,0,577,0,145,1,0,0,82,0,0,0,106,215,0,0,64,0,10,28,0,12,24,0,10,2,33,11,0,0,24,19,50,0,0,0,20,0,0,0,0,4,0,0,0,8,0,0,5,11,21,0,0,1,0,5,25,0,0,0,8,0,0,0,520,0,9,1,0,0,0,0,0,0,1,0,3,0,0,24,10,0,0,0,0,0,0,0,0,0,1,0,24,0,0,0,0,3,0,1115
"P2_22",30,18146,1,1211,0,526,3917,1,188,0,0,4,0,99,1,10,1,47,0,0,71,0,127,45,0,41,460,31,10,0,42,41,1,288,0,320,75,215,0,0,132,594,215,1,0,0,35,0,0,0,18,25,0,4,30,0,12,305,3,7,0,151,165,43,0,0,15,1,4,0,0,0,46,44,0,10,3,8,0,0,28,0,0,0,0,0,0,32,0,0,0,9,0,80,0,48,17,27,0,0,4773
"P2_23",737,0,0,696,1,535,0,4,0,66,0,1,0,17,159,6,2,28,0,110,35,0,34,81,0,43,22,9,15,0,6,35,1,9,0,0,119,7,0,0,590,0,16,0,0,0,17,0,0,21,1,0,0,0,0,0,0,6,5,0,0,24,22,4,0,0,8,9,24,0,0,4,0,4,1,17,0,8,10,0,2,2,3,0,0,0,0,9,0,2,0,12,0,67,0,0,3,0,0,0,2493
"P2_25",6,37000,6,1321,0,838,1382,137,3,0,0,1,0,103,0,0,0,69,0,0,139,0,116,80,0,70,379,28,17,0,6,71,0,75,0,115,14,44,0,0,0,249,94,0,0,0,38,0,0,0,16,3,0,0,5,0,43,128,2,11,0,4,0,2,0,0,0,13,11,0,0,0,29,8,0,62,0,2,0,0,5,0,0,0,0,28,0,1,0,0,0,3,0,9,0,0,17,12,0,0,784
"P2_26",77,32578,10,1810,0,1090,9234,18,423,0,0,6,0,126,0,5,0,106,0,0,179,0,96,173,0,155,0,16,27,0,43,38,0,18,0,15,58,0,0,0,1,6,30,0,0,0,39,0,0,0,4,3,0,0,10,0,0,71,25,18,0,0,12,4,0,0,0,0,24,0,0,0,3,0,0,15,0,40,19,0,27,0,0,0,0,0,0,54,0,0,1,0,0,5,0,0,23,3,0,0,705
"P2_31",14266,0,0,742,0,309,0,1,0,2216,0,23,0,57,343,8,0,187,0,594,29,0,14,24,0,13,14,4,20,1,13,6,6,0,0,0,15,0,0,0,3,0,11,0,0,221,3,0,0,0,12,11,0,0,0,0,0,5,0,1,0,8,1,0,0,0,1,55,1,0,0,0,0,2,0,2,6,7,13,0,23,24,2,0,0,0,0,13,0,0,0,5,0,12,0,0,3,10,0,0,1300
"P2_32",349,0,3,537,0,134,0,0,0,0,1,0,0,41,0,0,0,18,0,0,29,0,16,9,0,30,0,9,10,0,0,7,0,1,0,0,4,0,0,0,0,0,0,0,0,0,4,0,0,0,1,0,0,0,2,0,0,0,0,0,0,0,0,0,0,0,0,0,2,1,0,0,0,0,0,3,0,0,0,0,0,0,0,0,0,0,0,0,0,0,0,0,0,0,0,0,1,0,0,0,14
"P2_33",60369,0,0,764,0,331,0,5,0,39,0,0,0,151,167,2,0,91,0,8,33,0,19,44,0,11,52,53,20,1,10,9,0,0,0,5,35,14,0,0,0,0,0,0,0,11,2,0,0,0,0,13,0,1,2,0,0,1,0,0,0,0,0,0,0,0,0,58,9,0,0,0,0,0,0,14,0,4,0,0,3,87,0,0,0,0,0,13,0,0,0,0,0,0,0,0,0,0,0,0,467
"P2_35",18,404,1,197,0,98,6,3,47,0,0,0,0,36,0,0,0,19,0,0,4,0,21,8,0,6,1,8,9,0,0,13,0,0,0,17,4,0,0,0,0,21,4,0,0,0,3,0,0,0,1,0,0,0,6,0,0,1,0,1,0,1,0,0,0,0,0,0,2,0,0,0,9,0,0,4,1,2,1,0,6,0,0,0,0,0,0,0,0,0,0,0,0,5,0,0,0,0,0,0,178
"P2_36",1,868,0,215,0,96,314,0,0,0,0,0,0,5,0,0,0,6,0,0,8,0,3,2,1,8,1,2,1,0,0,5,0,6,0,9,1,1,0,0,4,3,1,0,0,0,2,0,0,0,3,4,0,0,3,0,0,4,0,1,0,0,0,0,0,0,0,0,0,0,0,0,0,0,0,4,1,1,0,0,2,0,0,0,0,0,0,1,0,0,0,0,0,1,0,0,2,0,0,0,42
"P2_37",26,5259,5,146,0,61,5310,6,473,0,0,0,0,16,0,0,0,23,0,0,18,0,9,8,0,2,13,7,7,0,12,2,0,9,0,26,0,4,0,0,0,18,6,3,0,0,0,0,0,0,7,2,0,6,0,0,6,13,6,9,0,0,12,0,0,0,0,0,3,4,0,0,9,4,0,0,1,0,1,0,28,0,0,0,0,0,0,30,0,1,0,0,0,1,0,0,0,0,0,0,392
"P2_41",3860,0,0,1240,0,381,0,0,0,34,0,0,0,67,35,0,0,23,0,168,58,0,24,73,0,33,0,20,19,0,3,28,1,0,0,1,7,0,0,0,2,0,0,0,0,0,8,0,0,0,0,0,0,0,0,0,0,1,5,0,0,28,1,0,0,0,0,0,2,0,0,0,0,0,0,1,0,7,0,0,7,8,0,0,0,0,0,1,0,0,0,0,0,0,0,0,7,0,0,0,94
"P2_42",79930,0,0,390,0,201,0,5,0,496,0,0,0,28,26,2,0,26,0,1,33,0,13,34,0,24,31,10,4,0,19,12,0,0,0,0,3,4,0,0,145,0,0,1,0,0,5,0,0,0,0,0,0,0,0,0,0,1,0,1,0,0,45,0,0,0,0,795,2,0,0,0,0,1,0,2,0,8,0,0,12,112,0,0,0,0,1,26,0,0,0,0,0,1,0,0,3,7,0,0,441
"P2_43",6629,0,0,429,0,224,0,3,0,418,0,0,0,38,21,0,0,7,0,141,24,0,25,41,0,16,0,11,14,0,7,12,0,1,0,1,6,3,0,0,1,0,2,0,0,0,3,0,0,0,3,1,0,0,7,0,0,1,3,0,0,7,6,1,0,0,0,32,4,0,0,0,0,2,0,0,0,5,0,0,17,12,0,0,0,0,0,21,0,0,0,0,0,0,0,0,8,0,0,0,805
"P2_44",2885,0,0,660,0,264,0,2,0,174,0,0,0,48,6,0,0,36,0,0,35,0,26,35,0,11,4,9,14,0,11,26,0,0,0,0,0,0,0,1,0,0,0,0,0,0,13,0,0,0,0,0,0,0,0,0,0,0,0,0,0,30,29,0,0,0,0,7,4,0,0,0,0,0,0,2,1,2,0,0,10,3,0,0,0,0,0,13,0,0,0,0,0,0,0,0,0,0,0,0,171
"P2_45",77,3601,0,614,0,395,21,0,0,2,0,0,0,96,0,0,0,29,0,0,50,0,64,31,2,28,3,13,3,0,29,5,0,3,0,55,0,0,0,0,2,3,0,0,0,0,8,0,0,0,0,0,0,0,0,0,0,2,0,2,0,0,0,0,0,0,0,140,0,0,0,0,0,0,0,1,0,3,0,0,12,0,0,0,0,0,0,7,0,1,0,0,0,0,0,17,6,1,0,0,403
"P2_46",4,3998,1,251,0,143,1374,0,5,1,0,0,0,21,0,0,0,16,0,0,13,0,3,5,0,16,15,5,1,0,5,0,5,0,0,4,0,0,0,0,0,0,0,0,0,0,4,0,0,0,0,0,0,0,0,0,0,0,4,1,0,0,0,3,0,0,0,0,0,0,0,0,0,0,0,4,0,4,0,0,0,0,0,0,0,0,0,4,0,0,0,0,0,0,0,7,0,0,0,0,47
"P2_51",3174,0,0,189,0,129,0,1,0,215,0,0,0,47,1,0,0,36,0,291,29,0,26,5,1,9,3,25,11,0,16,4,0,2,0,1,1,0,0,0,78,0,11,0,0,0,0,0,0,0,0,4,0,0,0,0,3,0,1,0,0,96,0,3,0,0,0,10,4,0,0,0,2,0,0,2,0,0,42,0,0,6,0,0,0,0,0,0,0,0,4,0,0,0,0,0,0,133,0,0,1777
"P2_52",11833,0,0,804,0,451,0,76,0,1615,0,0,0,86,302,56,0,145,0,150,46,0,63,65,0,10,22,16,15,0,48,12,0,138,0,5,11,0,0,0,1014,0,161,0,0,0,15,0,0,0,18,26,0,0,26,0,51,245,26,3,0,1876,55,14,0,0,0,133,14,0,0,0,16,2,0,10,7,9,624,0,0,32,0,0,0,0,0,12,0,0,0,1,0,3,0,0,1,2900,0,0,25672
"P2_53",12931,0,0,253,0,112,0,12,0,260,0,7,0,24,258,20,0,49,0,110,15,0,16,7,0,11,2,4,3,5,29,11,1,9,0,0,10,3,0,0,692,0,13,0,0,0,0,0,0,0,22,4,0,3,21,0,0,0,0,10,0,34,70,5,0,1,0,42,0,0,0,0,0,2,0,0,7,2,0,0,8,20,2,0,1,0,0,1,0,0,0,0,0,0,0,0,0,64,0,0,858
"P2_54",706,0,0,76,0,35,0,7,0,9,0,0,0,13,8,6,0,6,0,26,2,0,4,1,0,1,7,1,1,0,6,2,0,0,0,0,0,2,0,0,53,0,3,0,0,0,0,0,0,0,3,2,0,0,4,0,0,0,0,0,0,93,1,0,0,0,0,0,0,0,0,3,5,1,0,0,0,2,4,0,0,0,0,0,0,0,0,1,0,0,0,0,0,0,0,0,0,47,0,0,598
"P2_55",1089,0,0,87,0,75,0,0,0,10,0,0,0,21,0,2,0,28,0,18,4,0,13,5,0,3,37,11,3,0,24,0,0,2,0,1,0,59,0,0,168,0,0,0,0,0,3,0,0,0,1,6,0,0,3,0,3,4,0,0,0,2,0,5,0,0,0,8,1,0,0,2,1,0,0,0,0,1,0,0,1,1,0,0,0,0,0,0,0,0,0,1,0,1,0,0,0,14,0,0,343
"P3_21",0,613,0,417,0,223,29,0,2,0,0,5,0,95,0,0,0,19,0,0,21,0,42,8,23,7,9,30,12,0,0,19,2,0,0,0,147,0,0,0,0,0,0,0,0,0,3,0,0,0,0,37,0,0,13,0,0,0,2,0,0,0,0,1,0,0,0,1,7,0,0,76,0,0,0,1,0,3,0,21,0,0,64,0,0,0,0,0,0,0,0,0,0,0,0,0,0,0,0,0,342
"P3_22",10,2273,0,469,0,274,271,3,68,0,0,0,0,80,0,0,0,63,0,0,24,0,22,33,0,39,17,11,2,0,0,11,0,3,0,9,10,9,0,0,0,6,5,20,0,0,0,0,0,0,13,17,0,0,12,0,2,27,7,0,0,0,20,0,0,0,0,5,11,7,0,0,10,0,0,0,0,0,0,0,3,0,0,0,0,0,0,40,0,0,0,0,0,30,0,0,1,0,0,0,311
"P3_31",1,18877,2,276,0,107,1424,1,0,0,0,0,0,86,0,12,0,42,0,0,22,0,4,0,0,19,45,93,15,42,0,1,0,20,0,72,23,15,0,0,0,63,7,0,0,0,0,0,0,0,1,0,0,1,0,0,0,15,0,0,0,0,0,0,0,17,0,11,7,2,0,0,49,0,0,0,0,2,0,0,0,0,0,0,0,0,0,0,0,0,0,0,0,0,0,4,1,4,0,0,490
"P3_32",6,499,0,85,2,50,155,0,0,0,0,0,0,7,0,1,0,12,0,0,6,0,1,7,0,5,25,9,10,0,1,1,0,1,0,8,0,4,0,0,0,6,6,0,0,0,0,0,0,0,3,0,0,0,2,0,0,1,3,0,0,0,2,13,0,0,0,1,2,0,0,0,5,2,0,3,0,2,34,0,2,0,0,0,0,0,0,7,0,0,0,0,0,2,0,5,3,0,0,0,136
"P3_41",382,0,0,131,0,68,0,0,0,6,0,1,0,7,0,3,0,11,0,0,11,0,4,8,0,1,2,1,4,0,0,6,2,0,0,0,1,0,0,0,0,0,8,0,0,0,2,0,0,0,3,2,0,0,1,0,0,0,1,0,0,3,2,1,0,0,0,4,0,0,0,0,0,0,0,0,2,1,0,0,0,0,0,0,0,0,0,0,0,0,0,0,0,0,0,0,2,1,0,0,43
"P3_51",139,0,0,27,2,33,0,0,0,65,0,0,2,19,0,84,0,11,1,5,1,0,6,2,0,2,0,7,8,40,32,8,0,0,0,0,17,0,0,0,0,0,1,0,0,0,0,0,0,0,0,0,0,0,0,0,0,0,0,0,0,1,1,0,0,0,0,0,0,1,0,0,0,1,0,0,3,0,0,0,0,2,0,0,0,0,0,1,0,0,0,1,0,0,0,0,0,4,0,0,326
"P4_11",3,5,0,614,0,445,0,12,42,0,0,25,0,78,0,0,0,57,0,0,41,0,37,54,0,37,110,16,21,0,3,19,4,54,0,126,32,124,0,0,0,32,11,0,0,0,13,0,0,0,13,8,0,0,2,0,17,5,5,0,0,0,63,1,0,0,3,0,11,15,0,0,15,3,0,17,2,2,1,0,0,0,0,0,0,0,0,4,0,0,0,1,0,63,0,2,2,0,0,0,1550
"P4_31",21547,0,0,619,0,352,0,25,0,1263,0,0,0,55,0,0,0,37,0,5,29,0,30,25,0,24,18,12,25,0,279,16,2,0,1,1,13,199,0,0,0,0,10,0,0,0,9,0,0,1,9,7,0,0,11,0,3,4,7,0,0,6,5,2,0,0,0,0,1,0,0,0,0,0,0,1,16,12,0,0,0,53,0,0,0,0,0,0,0,0,0,3,0,25,0,0,2,0,0,0,1072
"P4_41",50019,0,0,587,16,315,0,440,0,3330,0,8,0,74,0,310,0,84,0,0,24,0,44,30,10,22,9,29,52,171,272,32,0,6,1,5,1,16,0,0,19,0,13,0,0,0,14,0,0,0,6,1,0,6,2,0,0,28,8,5,0,0,79,2,0,0,0,0,1,0,0,0,5,7,0,3,1,11,0,0,19,105,0,0,0,0,0,37,0,0,0,0,0,17,0,0,0,0,0,0,1061
"P4_42",2106,0,0,1228,0,740,0,234,0,3749,0,0,0,68,0,7,0,91,0,4,78,0,66,84,0,33,0,55,31,0,573,20,0,0,0,2,1,11,0,0,0,0,1,0,0,4075,24,0,0,0,15,48,0,0,16,0,0,27,0,0,0,0,0,2,0,0,0,0,14,61,0,1,0,4,0,0,25,7,0,0,0,7,0,0,0,0,0,11,0,0,0,0,0,0,0,0,9,0,0,0,3565
"P4_51",9105,0,0,315,1,160,0,8939,0,2723,0,1,0,16,0,0,0,30,0,31,8,0,16,10,0,6,7,6,13,0,511,6,3,2,0,11,17,2,0,0,0,0,12,0,0,0,5,0,0,0,4,3,0,0,24,0,0,2,11,3,0,26,104,6,0,0,0,0,4,0,0,0,3,8,8,2,0,2,2,0,11,19,1,0,0,0,0,17,0,0,1,4,0,5,0,0,0,18,0,0,1888
"P4_53",6084,0,0,153,0,79,0,8,0,92,0,0,0,12,0,0,0,12,0,0,9,0,8,13,1,3,0,5,6,0,10,3,0,0,0,3,1,1,0,0,0,0,0,0,0,0,2,0,0,0,7,0,0,0,0,0,0,0,0,0,0,0,0,0,0,0,0,0,0,0,0,0,0,0,0,1,0,6,0,0,0,18,0,0,0,0,0,0,0,0,0,0,0,0,0,0,1,2,0,0,42
"P4_54",17205,0,0,50,0,47,0,1,0,2215,0,0,0,13,0,0,0,9,0,0,5,0,2,1,0,4,0,2,2,0,182,8,0,0,0,0,0,0,0,0,0,0,0,0,0,0,2,0,0,0,0,0,0,0,0,0,0,0,0,0,0,0,0,0,0,0,0,21,0,0,0,0,0,2,0,1,0,0,0,0,6,43,0,0,0,0,0,1,0,0,0,0,0,0,0,0,0,0,0,0,146
"P4_55",2253,0,0,195,0,143,0,9,0,597,0,0,0,27,0,332,0,20,0,1,19,0,6,15,0,17,10,0,7,25,108,3,0,0,0,0,0,9,0,0,0,0,1,548,0,72,1,0,0,0,1,0,0,0,2,0,0,0,0,0,0,0,2,0,0,0,0,1,1,0,0,0,0,16,0,6,0,1,6,0,6,7,12,0,0,0,0,0,0,0,0,0,0,0,0,0,1,0,0,0,1028
"P4_56",15,11742,1,611,0,178,822,1,65,1,0,0,0,35,0,0,0,53,0,0,13,0,5,12,0,16,4,15,19,0,1,22,3,9,0,3,3,53,0,0,0,0,7,0,0,0,7,0,0,0,7,21,0,0,2,0,15,3,0,3,0,8,1,7,0,0,0,0,0,10,0,0,0,0,0,0,0,3,17,0,1,0,0,0,0,0,0,2,0,0,0,0,0,7,0,41,7,0,0,0,288
"P5_11",1543,0,0,57,0,46,0,1,0,52,0,0,0,18,0,0,0,5,0,0,3,0,7,8,0,2,1,4,1,1,6,1,0,0,0,0,1,0,0,0,0,0,0,0,0,0,2,0,0,0,4,0,0,0,1,0,0,0,0,2,0,0,3,1,0,0,0,0,0,0,0,0,0,4,0,1,0,0,0,0,0,2,0,0,0,0,0,1,0,0,3,0,0,0,0,0,0,0,0,0,35
"P5_12",761,0,0,116,0,40,0,1,0,231,0,0,0,6,0,0,0,15,0,0,4,0,3,3,0,3,0,3,3,0,13,2,0,0,0,0,0,1,0,0,0,0,0,0,0,0,0,0,0,0,3,0,0,0,0,0,0,0,2,0,0,0,2,0,0,0,0,0,0,0,0,0,0,1,0,0,0,1,0,0,0,1,0,0,0,0,0,0,0,0,0,0,0,0,0,0,0,0,0,0,24
"P5_14",10531,0,0,387,0,241,0,1,0,2127,0,860,0,61,9,0,0,64,0,123,29,0,32,9,0,9,40,26,15,0,8,18,0,0,0,0,2,16,0,0,0,0,0,0,0,0,6,0,0,0,0,1,0,0,3,0,0,5,4,0,0,2,3,10,0,0,4,44,2,0,0,0,0,4,0,0,3,4,0,0,7,21,0,0,0,0,0,1,0,1,0,0,0,20,0,0,3,0,0,0,518
"P5_31",4354,0,0,161,0,58,0,12,0,195,0,0,0,12,0,0,0,17,0,0,8,0,12,4,0,5,2,5,0,0,17,8,0,0,0,0,0,7,0,0,0,0,1,0,0,0,3,0,0,0,3,2,0,0,3,0,0,0,0,2,0,0,5,0,0,0,0,24,2,0,0,0,0,0,0,0,0,1,0,12,1,12,0,0,0,0,0,2,0,0,0,0,0,0,0,0,0,0,0,0,342
"P5_32",299,0,0,30,0,30,0,3,0,6,0,0,0,7,0,36,0,9,0,0,0,0,1,3,0,2,1,4,3,16,0,4,0,0,0,0,0,1,0,0,0,0,0,0,0,0,1,0,0,0,3,0,0,0,0,0,0,1,0,0,0,0,0,1,0,0,0,0,0,0,0,15,0,0,0,1,0,0,0,3,0,0,0,0,0,0,0,4,0,0,0,0,0,0,0,0,0,0,0,0,57
"P5_33",14604,0,0,443,0,110,0,18,0,461,0,0,0,66,0,44,0,72,0,3,10,0,7,10,0,4,4,16,11,3,84,22,0,0,0,0,6,8,0,0,0,0,1,0,0,10,2,0,0,0,1,2,0,0,3,0,0,0,3,3,0,0,14,0,0,0,0,0,1,0,0,0,2,3,0,0,0,2,0,0,5,32,0,0,0,0,0,1,0,0,0,0,0,0,3,0,0,0,0,0,240
"P5_34",50354,0,0,423,0,169,0,114,0,7601,0,6,0,28,0,37,0,138,0,0,25,0,28,18,0,16,40,20,2,4,144,10,0,0,0,0,0,24,0,0,0,2,1,0,0,43,1,0,0,0,6,0,0,2,0,0,0,0,12,3,0,0,53,6,0,0,0,507,0,0,0,0,0,27,0,0,0,10,0,0,59,84,0,0,0,0,0,27,0,0,0,0,0,0,0,0,0,0,0,0,731
"P5_41",2513,0,0,1410,0,961,0,2,0,346,0,7,0,57,0,2,0,149,0,0,129,0,79,42,0,71,21,17,43,0,68,18,0,0,0,0,8,38,0,0,0,0,22,3,0,0,38,0,0,0,19,14,0,2,14,0,0,0,27,4,0,4,121,1,0,0,0,0,3,0,0,0,2,14,0,10,26,8,0,0,45,4,0,0,0,0,0,34,0,0,0,0,0,0,0,0,1,0,0,0,797
"P5_51",671,0,0,167,0,150,0,24,0,66,0,1,0,10,0,1,0,25,0,2,8,0,21,15,1,4,3,5,10,0,41,3,1,0,0,0,2,3,0,0,0,0,3,0,0,0,6,0,0,0,3,2,0,0,5,4,0,3,1,1,0,0,36,2,0,0,0,1,2,0,0,0,0,2,0,1,1,1,0,0,3,0,0,0,0,0,0,5,0,0,0,0,0,8,0,0,0,0,0,0,294
"P5_52",6100,0,0,341,0,164,0,35,0,702,0,0,0,17,0,7,0,50,0,16,23,0,28,8,3,14,6,4,2,0,91,11,0,0,0,0,6,1,0,0,0,0,0,0,0,0,2,0,0,0,2,10,0,0,8,0,0,0,0,1,0,1,28,0,0,0,0,39,0,0,0,0,3,0,0,0,0,1,0,20,8,15,0,0,0,0,0,5,0,0,0,0,0,0,0,0,2,3,0,0,225
"P5_53",561,0,0,23,0,12,0,0,0,381,0,0,0,2,0,0,0,4,0,0,0,0,0,1,0,2,2,0,0,0,6,1,0,0,0,0,0,0,0,0,0,0,0,0,0,1,0,0,0,0,1,0,0,0,1,0,0,0,0,0,0,0,7,0,0,0,0,2,0,0,0,0,0,0,0,0,0,0,0,0,0,3,0,0,0,0,0,0,0,0,0,0,0,0,0,0,0,0,0,0,17
"P5_54",22915,0,0,1252,0,575,0,108,0,4094,0,6,0,50,0,0,0,367,0,253,161,0,76,75,0,30,50,10,29,0,78,29,0,1,0,2,0,12,0,0,0,0,11,0,0,0,13,0,0,0,63,35,0,0,19,0,0,0,36,0,0,0,43,0,0,0,0,155,7,14,0,0,0,9,0,2,5,26,0,0,12,50,0,0,0,0,0,0,0,0,0,5,0,0,0,0,0,0,0,0,1107
"P6_11",1109,0,0,281,0,50,0,3,0,295,0,0,0,46,11,0,0,39,0,274,8,0,32,3,0,3,41,30,8,0,12,28,15,0,0,0,0,159,0,0,0,0,0,0,0,0,2,0,0,0,2,0,0,0,4,0,0,0,2,0,0,0,0,0,0,0,0,0,0,0,0,0,0,0,0,0,0,0,0,0,0,3,7,0,0,0,0,0,0,0,0,0,0,22,0,0,0,0,0,0,661
"P6_12",2235,0,0,118,0,31,0,4,0,205,0,4,0,54,6,0,0,0,0,1,6,0,1,12,0,0,12,27,54,0,5,19,0,0,0,0,0,28,0,0,0,0,0,0,0,0,12,0,0,0,0,5,0,0,0,0,0,0,4,0,0,0,0,0,0,0,0,2,4,0,0,22,0,0,0,0,0,0,0,0,0,5,0,0,0,0,0,1,0,0,0,0,0,0,0,0,0,0,0,0,93
"P6_13",316,0,0,50,0,52,0,0,0,82,0,0,0,65,5,0,0,5,0,71,1,0,12,6,0,1,4,1,16,0,0,19,0,0,0,0,9,54,0,0,0,0,0,0,0,0,4,0,0,0,10,5,0,0,0,0,0,0,0,0,0,0,0,0,0,0,0,0,3,0,0,0,0,0,0,0,2,0,0,1,0,0,0,0,0,0,0,1,0,0,0,0,0,0,0,0,0,0,0,0,20
"P6_14",1347,0,0,103,0,28,0,12,0,251,0,8,1,9,2,0,0,3,0,177,5,0,3,4,0,0,27,8,14,0,32,11,0,0,0,0,4,77,0,0,0,0,0,114,0,343,3,0,0,0,0,1,0,0,0,0,0,0,0,0,0,1,0,0,0,0,0,1,0,0,0,0,0,0,0,0,0,1,0,0,0,3,0,0,0,0,0,0,0,0,0,0,0,1,0,0,0,0,0,0,1815
"P6_21",2373,0,0,497,0,98,0,0,0,0,0,11,0,39,0,0,0,10,0,2,27,0,23,8,1,2,12,8,2,0,45,6,0,0,0,0,0,6,0,0,0,0,0,0,0,0,0,0,0,0,1,6,0,0,1,0,0,0,0,0,0,0,0,0,0,0,0,0,10,0,0,0,0,0,0,0,5,1,0,2,0,6,0,0,0,0,0,0,0,0,0,0,0,0,0,0,1,0,0,0,19
"P6_22",5109,0,0,152,0,62,0,0,0,78,0,0,0,37,1,0,0,26,0,0,3,0,9,4,0,3,30,8,29,0,12,16,1,0,0,5,1,13,0,0,0,0,16,0,0,0,0,0,0,0,4,1,0,0,1,0,0,0,7,0,0,3,0,0,0,0,0,4,0,0,0,0,0,10,0,0,0,0,20,0,0,14,0,0,0,0,0,2,0,0,0,0,0,3,0,0,0,0,0,0,652
"P6_41",357,0,0,303,1,130,0,0,0,35,0,0,0,86,0,0,0,39,0,5,17,0,7,3,0,7,38,42,25,0,7,35,0,0,0,0,0,80,0,0,0,0,0,0,0,0,0,0,0,0,0,0,0,0,0,0,0,0,1,0,0,8,18,0,0,0,0,0,11,0,0,0,0,0,0,0,3,2,0,0,15,0,0,0,0,0,0,4,0,0,0,0,0,5,0,0,1,0,0,0,220
"P6_51",11033,0,0,505,0,215,0,211,0,1954,0,0,0,67,1,32,0,89,0,547,43,0,20,22,0,4,142,28,16,15,148,10,0,0,0,0,0,14,0,0,0,0,0,2,0,0,2,0,0,0,16,10,0,0,13,0,0,0,13,6,0,2,148,0,0,0,8,79,0,0,0,0,0,0,0,0,6,4,19,0,1,15,0,0,0,0,0,8,0,0,0,0,0,0,0,0,0,0,0,0,1075
"P6_52",84,0,0,518,0,170,0,0,0,0,0,16,0,91,0,0,0,30,0,0,21,0,10,15,0,14,132,17,45,0,5,20,0,0,0,0,4,51,0,0,0,0,0,0,0,0,2,0,0,0,3,1,0,0,1,0,0,2,0,0,0,0,0,0,0,0,0,0,1,0,0,0,0,0,0,0,6,3,0,0,0,1,0,0,0,0,0,0,0,0,0,1,0,0,0,0,0,0,0,0,137
"P6_53",4671,0,0,363,0,169,0,0,0,65,0,0,0,32,0,14,0,29,0,10,17,0,17,13,1,19,19,8,4,0,66,3,0,0,0,0,9,0,0,0,0,0,2,0,0,0,5,0,0,0,6,5,0,0,9,0,0,0,0,1,0,0,9,1,0,0,0,3,1,0,0,0,0,0,0,5,7,3,0,0,0,12,0,0,0,0,0,1,0,0,0,1,0,2,0,0,1,0,0,0,187
"P6_54",75,0,0,257,0,192,0,3,0,0,0,50,0,21,0,0,0,9,0,0,7,0,17,6,0,8,14,20,12,2,8,5,0,0,0,0,1,7,0,0,0,0,0,0,0,0,5,0,0,0,4,0,0,0,4,0,0,0,0,4,0,0,0,0,0,0,0,0,0,0,0,0,0,2,0,0,0,0,0,0,1,0,0,0,0,0,0,0,0,0,0,0,0,0,0,0,2,0,0,0,48
"P7_11",600,0,0,80,0,13,0,0,0,5,0,0,0,8,4,0,0,3,0,4,2,0,0,1,0,1,3,2,6,0,0,0,0,0,0,0,0,2,0,0,2,0,0,0,0,0,0,0,0,0,0,0,0,0,0,0,0,0,0,0,0,0,0,3,0,0,0,0,0,0,0,0,0,0,0,0,1,0,0,10,0,2,0,0,0,0,0,0,0,0,0,0,0,1,0,0,0,0,0,0,24
"P7_12",141,0,0,113,0,92,0,0,0,24,0,0,0,15,0,0,0,2,0,0,7,0,9,4,0,7,10,4,16,0,0,6,0,0,0,0,4,3,0,0,0,0,0,0,0,0,0,0,0,0,0,1,0,0,0,0,0,0,0,0,0,0,0,1,0,0,0,0,5,0,0,0,0,0,0,0,2,0,0,0,0,0,0,0,0,0,0,0,0,0,0,0,0,0,0,0,0,0,0,0,28
"P7_13",1252,0,0,66,1,61,0,0,0,2,0,3,0,5,2,0,0,3,0,0,4,0,6,4,0,4,1,3,1,0,0,1,0,0,0,0,4,1,0,0,0,0,0,0,0,0,0,0,0,0,6,0,0,0,1,0,0,0,0,0,0,0,0,1,0,0,0,1,3,0,0,0,0,0,0,1,2,0,0,0,1,4,0,0,0,0,0,0,0,0,0,0,0,0,0,0,1,0,0,0,10
"P7_14",1501,0,0,162,0,92,0,0,0,347,0,0,0,4,33,0,0,17,0,0,13,0,19,9,0,6,1,5,3,0,1,9,0,0,0,0,0,0,0,0,0,0,0,0,0,0,0,0,0,0,9,2,0,0,1,0,0,0,0,0,0,0,0,0,0,0,0,5,5,0,0,0,0,0,0,0,0,3,0,0,0,2,0,0,0,0,0,1,0,0,0,0,0,0,0,0,0,0,0,0,39
"P7_21",194,0,0,173,0,66,0,1,0,36,0,1,0,15,10,0,0,13,0,26,8,0,12,3,0,2,0,11,4,0,3,4,0,0,0,0,0,0,0,0,0,0,0,0,0,0,3,0,0,0,1,0,0,1,0,0,0,0,2,0,0,0,1,0,0,0,0,4,0,0,0,0,0,0,0,0,6,1,0,0,1,0,0,0,0,0,0,0,0,0,0,0,0,0,0,0,0,0,0,0,48
"P7_22",2763,0,0,279,0,80,0,6,0,510,0,0,0,9,52,0,0,23,0,0,10,0,3,2,0,3,1,9,4,0,19,4,0,0,0,0,0,2,0,0,0,0,2,716,0,250,13,0,0,0,0,1,0,9,2,0,0,2,5,0,0,0,2,0,0,0,0,7,5,0,0,0,0,0,0,0,2,0,0,0,19,4,0,0,0,0,0,20,0,0,0,0,0,0,0,0,2,0,0,0,2270
"P7_31",2916,0,0,67,0,15,0,2,0,587,0,0,0,9,484,3,0,7,0,36,2,0,5,2,0,0,2,7,1,0,4,8,0,0,2,0,3,1,0,0,0,0,0,3,0,0,0,1,0,0,2,3,0,1,1,0,0,2,1,3,0,0,3,1,0,0,0,0,3,0,0,0,2,0,0,1,2,0,0,0,8,4,0,0,0,3,0,3,0,0,0,0,0,3,0,0,0,0,0,0,180
"P7_32",2861,0,0,128,6,42,0,0,0,284,0,1,0,12,74,1,0,23,0,14,9,0,7,0,0,9,6,6,3,0,11,0,0,0,2,0,0,3,0,0,0,1,3,0,0,0,2,0,0,0,0,0,0,0,0,0,0,0,5,0,0,1,0,1,0,0,0,8,0,0,0,1,0,0,0,1,0,3,0,8,2,5,0,0,0,0,0,0,0,0,0,0,0,1,0,0,0,0,0,0,112
"P7_33",1360,0,0,117,5,94,0,5,0,520,0,0,0,24,11,10,0,15,0,651,8,0,18,7,0,3,4,3,10,22,18,9,0,2,1,0,12,1,0,0,0,0,3,2,0,0,1,0,0,0,1,1,0,2,3,0,1,0,8,0,0,6,13,0,0,0,0,4,1,0,0,9,1,1,0,0,0,0,0,0,21,2,6,0,0,0,0,3,0,0,1,0,0,7,0,0,0,0,0,0,301
"P7_34",9488,0,0,547,0,541,0,1,0,2267,0,10,0,37,722,31,0,65,0,593,58,0,71,36,0,39,30,18,11,13,51,7,0,0,0,1,4,6,0,0,0,0,0,0,0,0,13,0,0,0,13,7,0,13,37,0,0,0,31,2,0,0,10,14,0,0,0,95,21,0,0,0,0,0,0,18,11,8,0,0,44,22,0,0,0,0,0,7,0,1,0,0,0,2,0,0,11,0,0,0,546
"P7_51",1737,0,0,309,0,312,0,0,0,46,0,0,0,25,0,0,0,18,0,3,30,0,32,27,0,18,11,7,9,0,4,21,0,0,1,0,1,0,0,0,0,0,0,0,0,0,5,0,0,0,8,20,0,0,11,0,0,0,0,3,0,0,7,0,0,0,0,1,0,0,0,0,0,0,0,8,11,3,0,0,2,0,0,0,0,0,0,1,0,0,0,0,0,1,0,0,0,2,0,0,82
"P7_52",2477,0,0,214,3,129,0,0,0,439,0,3,0,9,0,7,0,12,0,415,9,0,9,7,0,6,0,2,3,4,1,7,4,0,1,0,2,0,0,0,0,0,0,19,0,0,1,2,0,0,12,8,0,0,4,0,0,0,1,0,0,0,4,2,0,0,0,2,2,0,0,0,0,0,0,2,6,3,0,0,1,5,0,0,0,0,0,1,0,0,0,0,0,1,0,0,2,0,0,0,163
"P7_53",42,0,0,71,0,52,0,0,0,39,0,1,0,17,0,0,0,5,0,3,2,0,9,5,0,7,5,7,7,0,2,6,1,0,0,0,0,0,7,0,0,0,0,0,0,5,0,0,0,0,0,1,0,0,0,0,0,0,0,0,0,1,1,0,0,0,0,0,0,0,0,0,0,0,0,2,0,1,0,0,0,0,0,0,0,0,0,0,0,0,0,0,0,0,0,0,1,0,0,0,66
"P7_54",5374,0,0,269,0,160,0,1,0,64,0,0,0,37,0,1,0,12,0,1,14,0,19,11,0,23,8,2,6,0,4,5,0,0,0,0,0,0,0,0,0,3,0,0,0,0,1,0,0,0,1,5,0,0,1,0,0,0,2,0,0,0,0,0,0,0,0,34,2,0,0,0,0,0,0,0,0,1,0,0,2,10,0,0,0,0,0,0,0,0,0,0,0,0,0,0,3,0,1,0,76
"P7_55",505,0,0,173,0,72,0,0,0,2,0,0,0,16,0,0,0,21,0,0,12,0,8,4,1,11,44,10,6,0,2,9,1,0,0,0,0,2,0,0,0,0,0,0,0,0,1,0,0,0,1,0,0,1,1,0,0,0,0,0,0,0,0,0,0,0,0,0,0,0,0,0,0,0,0,0,0,2,0,0,0,0,0,0,0,0,0,0,0,0,0,1,0,5,0,0,0,0,1,0,93
"P7_56",5319,0,0,369,0,251,0,0,0,3,0,0,0,14,30,0,0,14,0,0,20,0,61,47,0,19,50,7,3,0,0,2,0,0,0,0,3,3,0,0,0,0,1,0,0,0,1,0,0,0,10,3,0,0,11,0,0,0,0,0,0,0,0,0,0,0,0,6,12,0,0,0,0,0,3,7,7,12,0,0,0,12,0,0,0,0,0,0,0,0,0,0,0,0,0,0,9,0,0,0,40
