Position,OligoName,SequenceWithAmpPrimers,SequenceNoAmpPrimer
A1,coligoITS_1,CTTGGTCATTTAGAGGAAGTAATAACAACAACAACCGCATCGATGAAGAACGCAGC,TAACAACAACAACC
B1,coligoITS_2,CTTGGTCATTTAGAGGAAGTAATAACAACAAGGTGGGCATCGATGAAGAACGCAGC,TAACAACAAGGTGG
C1,coligoITS_3,CTTGGTCATTTAGAGGAAGTAATAACAACCGATTCCGCATCGATGAAGAACGCAGC,TAACAACCGATTCC
D1,coligoITS_4,CTTGGTCATTTAGAGGAAGTAATAACAACTCTCGCCGCATCGATGAAGAACGCAGC,TAACAACTCTCGCC
E1,coligoITS_5,CTTGGTCATTTAGAGGAAGTAATAACAAGACTGAGAGCATCGATGAAGAACGCAGC,TAACAAGACTGAGA
F1,coligoITS_6,CTTGGTCATTTAGAGGAAGTAATAACAATGGTAACGGCATCGATGAAGAACGCAGC,TAACAATGGTAACG
G1,coligoITS_7,CTTGGTCATTTAGAGGAAGTAATAACACCGCAAGACGCATCGATGAAGAACGCAGC,TAACACCGCAAGAC
H1,coligoITS_8,CTTGGTCATTTAGAGGAAGTAATAACACCTTGGATCGCATCGATGAAGAACGCAGC,TAACACCTTGGATC
A2,coligoITS_9,CTTGGTCATTTAGAGGAAGTAATAACACGCCTCTTAGCATCGATGAAGAACGCAGC,TAACACGCCTCTTA
B2,coligoITS_10,CTTGGTCATTTAGAGGAAGTAATAACAGAATGCCTTGCATCGATGAAGAACGCAGC,TAACAGAATGCCTT
C2,coligoITS_11,CTTGGTCATTTAGAGGAAGTAATAACAGGTCCAGTAGCATCGATGAAGAACGCAGC,TAACAGGTCCAGTA
D2,coligoITS_12,CTTGGTCATTTAGAGGAAGTAATAACATGCGGTCGGGCATCGATGAAGAACGCAGC,TAACATGCGGTCGG
E2,coligoITS_13,CTTGGTCATTTAGAGGAAGTAATAACCAATTAGTCCGCATCGATGAAGAACGCAGC,TAACCAATTAGTCC
F2,coligoITS_14,CTTGGTCATTTAGAGGAAGTAATAACCACGGAGCACGCATCGATGAAGAACGCAGC,TAACCACGGAGCAC
G2,coligoITS_15,CTTGGTCATTTAGAGGAAGTAATAACCATCCTACCTGCATCGATGAAGAACGCAGC,TAACCATCCTACCT
H2,coligoITS_16,CTTGGTCATTTAGAGGAAGTAATAACCGACCAATGAGCATCGATGAAGAACGCAGC,TAACCGACCAATGA
A3,coligoITS_17,CTTGGTCATTTAGAGGAAGTAATAACCGGAGTGTAAGCATCGATGAAGAACGCAGC,TAACCGGAGTGTAA
B3,coligoITS_18,CTTGGTCATTTAGAGGAAGTAATAACCGTAACCGCGGCATCGATGAAGAACGCAGC,TAACCGTAACCGCG
C3,coligoITS_19,CTTGGTCATTTAGAGGAAGTAATAACCTAGCTTCATGCATCGATGAAGAACGCAGC,TAACCTAGCTTCAT
D3,coligoITS_20,CTTGGTCATTTAGAGGAAGTAATAACCTCACGATAAGCATCGATGAAGAACGCAGC,TAACCTCACGATAA
E3,coligoITS_21,CTTGGTCATTTAGAGGAAGTAATAACCTCTGTGTGGGCATCGATGAAGAACGCAGC,TAACCTCTGTGTGG
F3,coligoITS_22,CTTGGTCATTTAGAGGAAGTAATAACGATATAGGACGCATCGATGAAGAACGCAGC,TAACGATATAGGAC
G3,coligoITS_23,CTTGGTCATTTAGAGGAAGTAATAACGCTCGAACTCGCATCGATGAAGAACGCAGC,TAACGCTCGAACTC
H3,coligoITS_24,CTTGGTCATTTAGAGGAAGTAATAACGGTATTCTCAGCATCGATGAAGAACGCAGC,TAACGGTATTCTCA
A4,coligoITS_25,CTTGGTCATTTAGAGGAAGTAATAACGTGAGCAGAAGCATCGATGAAGAACGCAGC,TAACGTGAGCAGAA
B4,coligoITS_26,CTTGGTCATTTAGAGGAAGTAATAACTCCAGCCGTGGCATCGATGAAGAACGCAGC,TAACTCCAGCCGTG
C4,coligoITS_27,CTTGGTCATTTAGAGGAAGTAATAACTTAATCACCGGCATCGATGAAGAACGCAGC,TAACTTAATCACCG
D4,coligoITS_28,CTTGGTCATTTAGAGGAAGTAATAACTTGCACTTGTGCATCGATGAAGAACGCAGC,TAACTTGCACTTGT
E4,coligoITS_29,CTTGGTCATTTAGAGGAAGTAATAAGAACAGCTATGGCATCGATGAAGAACGCAGC,TAAGAACAGCTATG
F4,coligoITS_30,CTTGGTCATTTAGAGGAAGTAATAAGAAGAACCGTCGCATCGATGAAGAACGCAGC,TAAGAAGAACCGTC
G4,coligoITS_31,CTTGGTCATTTAGAGGAAGTAATAAGAAGGTGCTGCGCATCGATGAAGAACGCAGC,TAAGAAGGTGCTGC
H4,coligoITS_32,CTTGGTCATTTAGAGGAAGTAATAAGACATCCGAGAGCATCGATGAAGAACGCAGC,TAAGACATCCGAGA
A5,coligoITS_33,CTTGGTCATTTAGAGGAAGTAATAAGACCGTACATTGCATCGATGAAGAACGCAGC,TAAGACCGTACATT
B5,coligoITS_34,CTTGGTCATTTAGAGGAAGTAATAAGACGAGGAAGGGCATCGATGAAGAACGCAGC,TAAGACGAGGAAGG
C5,coligoITS_35,CTTGGTCATTTAGAGGAAGTAATAAGAGCTGGTTAGGCATCGATGAAGAACGCAGC,TAAGAGCTGGTTAG
D5,coligoITS_36,CTTGGTCATTTAGAGGAAGTAATAAGAGTTATCGCAGCATCGATGAAGAACGCAGC,TAAGAGTTATCGCA
E5,coligoITS_37,CTTGGTCATTTAGAGGAAGTAATAAGATGCCACGACGCATCGATGAAGAACGCAGC,TAAGATGCCACGAC
F5,coligoITS_38,CTTGGTCATTTAGAGGAAGTAATAAGCCATTGCGCCGCATCGATGAAGAACGCAGC,TAAGCCATTGCGCC
G5,coligoITS_39,CTTGGTCATTTAGAGGAAGTAATAAGCGCCTGTCCTGCATCGATGAAGAACGCAGC,TAAGCGCCTGTCCT
H5,coligoITS_40,CTTGGTCATTTAGAGGAAGTAATAAGCGGACAACCTGCATCGATGAAGAACGCAGC,TAAGCGGACAACCT
A6,coligoITS_41,CTTGGTCATTTAGAGGAAGTAATAAGCTAAGTGGACGCATCGATGAAGAACGCAGC,TAAGCTAAGTGGAC
B6,coligoITS_42,CTTGGTCATTTAGAGGAAGTAATAAGGAATTGAAGGGCATCGATGAAGAACGCAGC,TAAGGAATTGAAGG
C6,coligoITS_43,CTTGGTCATTTAGAGGAAGTAATAAGGTACACGGTCGCATCGATGAAGAACGCAGC,TAAGGTACACGGTC
D6,coligoITS_44,CTTGGTCATTTAGAGGAAGTAATAAGGTCGGATGAGGCATCGATGAAGAACGCAGC,TAAGGTCGGATGAG
E6,coligoITS_45,CTTGGTCATTTAGAGGAAGTAATAAGGTGCTAATCCGCATCGATGAAGAACGCAGC,TAAGGTGCTAATCC
F6,coligoITS_46,CTTGGTCATTTAGAGGAAGTAATAAGTATCGTTGCCGCATCGATGAAGAACGCAGC,TAAGTATCGTTGCC
G6,coligoITS_47,CTTGGTCATTTAGAGGAAGTAATAAGTCCTCTAAGCGCATCGATGAAGAACGCAGC,TAAGTCCTCTAAGC
H6,coligoITS_48,CTTGGTCATTTAGAGGAAGTAATAAGTGGAGTTCGGGCATCGATGAAGAACGCAGC,TAAGTGGAGTTCGG
A7,coligoITS_49,CTTGGTCATTTAGAGGAAGTAATAAGTTGGTCATAGGCATCGATGAAGAACGCAGC,TAAGTTGGTCATAG
B7,coligoITS_50,CTTGGTCATTTAGAGGAAGTAATAATAAGCGCCAATGCATCGATGAAGAACGCAGC,TAATAAGCGCCAAT
C7,coligoITS_51,CTTGGTCATTTAGAGGAAGTAATAATACGACAGCGGGCATCGATGAAGAACGCAGC,TAATACGACAGCGG
D7,coligoITS_52,CTTGGTCATTTAGAGGAAGTAATAATACTGTTCTCCGCATCGATGAAGAACGCAGC,TAATACTGTTCTCC
E7,coligoITS_53,CTTGGTCATTTAGAGGAAGTAATAATAGCATACTGGGCATCGATGAAGAACGCAGC,TAATAGCATACTGG
F7,coligoITS_54,CTTGGTCATTTAGAGGAAGTAATAATCCGGTTATGAGCATCGATGAAGAACGCAGC,TAATCCGGTTATGA
G7,coligoITS_55,CTTGGTCATTTAGAGGAAGTAATAATCGAGTACCATGCATCGATGAAGAACGCAGC,TAATCGAGTACCAT
H7,coligoITS_56,CTTGGTCATTTAGAGGAAGTAATAATCTTCAGGAGGGCATCGATGAAGAACGCAGC,TAATCTTCAGGAGG
A8,coligoITS_57,CTTGGTCATTTAGAGGAAGTAATAATCTTCCGCTCCGCATCGATGAAGAACGCAGC,TAATCTTCCGCTCC
B8,coligoITS_58,CTTGGTCATTTAGAGGAAGTAATAATGTCTTGGTAGGCATCGATGAAGAACGCAGC,TAATGTCTTGGTAG
C8,coligoITS_59,CTTGGTCATTTAGAGGAAGTAATAATGTGACGCCTTGCATCGATGAAGAACGCAGC,TAATGTGACGCCTT
D8,coligoITS_60,CTTGGTCATTTAGAGGAAGTAATAATTACCGGAACTGCATCGATGAAGAACGCAGC,TAATTACCGGAACT
E8,coligoITS_61,CTTGGTCATTTAGAGGAAGTAATAATTAGTGAGTGGGCATCGATGAAGAACGCAGC,TAATTAGTGAGTGG
F8,coligoITS_62,CTTGGTCATTTAGAGGAAGTAATAATTCCTATCGACGCATCGATGAAGAACGCAGC,TAATTCCTATCGAC
G8,coligoITS_63,CTTGGTCATTTAGAGGAAGTAATACAACACTTCTAGGCATCGATGAAGAACGCAGC,TACAACACTTCTAG
H8,coligoITS_64,CTTGGTCATTTAGAGGAAGTAATACAACGCCGGATAGCATCGATGAAGAACGCAGC,TACAACGCCGGATA
A9,coligoITS_65,CTTGGTCATTTAGAGGAAGTAATACAAGAGACGCAAGCATCGATGAAGAACGCAGC,TACAAGAGACGCAA
B9,coligoITS_66,CTTGGTCATTTAGAGGAAGTAATACAAGGATTATGGGCATCGATGAAGAACGCAGC,TACAAGGATTATGG
C9,coligoITS_67,CTTGGTCATTTAGAGGAAGTAATACAAGTTCACACCGCATCGATGAAGAACGCAGC,TACAAGTTCACACC
D9,coligoITS_68,CTTGGTCATTTAGAGGAAGTAATACAATACAATGCGGCATCGATGAAGAACGCAGC,TACAATACAATGCG
E9,coligoITS_69,CTTGGTCATTTAGAGGAAGTAATACACGTTGCTGGAGCATCGATGAAGAACGCAGC,TACACGTTGCTGGA
F9,coligoITS_70,CTTGGTCATTTAGAGGAAGTAATACACTATGAAGAGGCATCGATGAAGAACGCAGC,TACACTATGAAGAG
G9,coligoITS_71,CTTGGTCATTTAGAGGAAGTAATACACTCAGGTTGGGCATCGATGAAGAACGCAGC,TACACTCAGGTTGG
H9,coligoITS_72,CTTGGTCATTTAGAGGAAGTAATACAGCAGTCTCCGGCATCGATGAAGAACGCAGC,TACAGCAGTCTCCG
A10,coligoITS_73,CTTGGTCATTTAGAGGAAGTAATACAGCCAACGTAAGCATCGATGAAGAACGCAGC,TACAGCCAACGTAA
B10,coligoITS_74,CTTGGTCATTTAGAGGAAGTAATACAGTGAATACAGGCATCGATGAAGAACGCAGC,TACAGTGAATACAG
C10,coligoITS_75,CTTGGTCATTTAGAGGAAGTAATACATATCTGCAACGCATCGATGAAGAACGCAGC,TACATATCTGCAAC
D10,coligoITS_76,CTTGGTCATTTAGAGGAAGTAATACATCCGCGCACTGCATCGATGAAGAACGCAGC,TACATCCGCGCACT
E10,coligoITS_77,CTTGGTCATTTAGAGGAAGTAATACATGACGTATTGGCATCGATGAAGAACGCAGC,TACATGACGTATTG
F10,coligoITS_78,CTTGGTCATTTAGAGGAAGTAATACATTAAGCTCGTGCATCGATGAAGAACGCAGC,TACATTAAGCTCGT
G10,coligoITS_79,CTTGGTCATTTAGAGGAAGTAATACCAATCGCTGTTGCATCGATGAAGAACGCAGC,TACCAATCGCTGTT
H10,coligoITS_80,CTTGGTCATTTAGAGGAAGTAATACCACAAGTTACCGCATCGATGAAGAACGCAGC,TACCACAAGTTACC
A11,coligoITS_81,CTTGGTCATTTAGAGGAAGTAATACCATTGTATAGGGCATCGATGAAGAACGCAGC,TACCATTGTATAGG
B11,coligoITS_82,CTTGGTCATTTAGAGGAAGTAATACCGAACGACCATGCATCGATGAAGAACGCAGC,TACCGAACGACCAT
C11,coligoITS_83,CTTGGTCATTTAGAGGAAGTAATACCGAGATACTTGGCATCGATGAAGAACGCAGC,TACCGAGATACTTG
D11,coligoITS_84,CTTGGTCATTTAGAGGAAGTAATACCGCACTAGAGAGCATCGATGAAGAACGCAGC,TACCGCACTAGAGA
E11,coligoITS_85,CTTGGTCATTTAGAGGAAGTAATACCGCCGTTCAATGCATCGATGAAGAACGCAGC,TACCGCCGTTCAAT
F11,coligoITS_86,CTTGGTCATTTAGAGGAAGTAATACCGTCTATGCCAGCATCGATGAAGAACGCAGC,TACCGTCTATGCCA
G11,coligoITS_87,CTTGGTCATTTAGAGGAAGTAATACCGTGGAAGTGGGCATCGATGAAGAACGCAGC,TACCGTGGAAGTGG
H11,coligoITS_88,CTTGGTCATTTAGAGGAAGTAATACCTCTTAACGTCGCATCGATGAAGAACGCAGC,TACCTCTTAACGTC
A12,coligoITS_89,CTTGGTCATTTAGAGGAAGTAATACCTGGACCGAAGGCATCGATGAAGAACGCAGC,TACCTGGACCGAAG
B12,coligoITS_90,CTTGGTCATTTAGAGGAAGTAATACGAACTGTGGTCGCATCGATGAAGAACGCAGC,TACGAACTGTGGTC
C12,coligoITS_91,CTTGGTCATTTAGAGGAAGTAATACGAGAAGATAAGGCATCGATGAAGAACGCAGC,TACGAGAAGATAAG
D12,coligoITS_92,CTTGGTCATTTAGAGGAAGTAATACGATTGCGAGCCGCATCGATGAAGAACGCAGC,TACGATTGCGAGCC
E12,coligoITS_93,CTTGGTCATTTAGAGGAAGTAATACGCACCACACCAGCATCGATGAAGAACGCAGC,TACGCACCACACCA
F12,coligoITS_94,CTTGGTCATTTAGAGGAAGTAATACGCGATGGTTCCGCATCGATGAAGAACGCAGC,TACGCGATGGTTCC
G12,coligoITS_95,CTTGGTCATTTAGAGGAAGTAATACGCGCTTATATTGCATCGATGAAGAACGCAGC,TACGCGCTTATATT
H12,coligoITS_96,CTTGGTCATTTAGAGGAAGTAATCTGTATCAACTGGGCATCGATGAAGAACGCAGC,TCTGTATCAACTGG