Position,OligoName,SequenceWithAmpPrimers
A1,coligoITS_1,CTTGGTCATTTAGAGGAAGTAATAACAACAACAACCGCATCGATGAAGAACGCAGC
A2,coligoITS_2,CTTGGTCATTTAGAGGAAGTAATAACAACAAGGTGGGCATCGATGAAGAACGCAGC
A3,coligoITS_3,CTTGGTCATTTAGAGGAAGTAATAACAACCGATTCCGCATCGATGAAGAACGCAGC
A4,coligoITS_4,CTTGGTCATTTAGAGGAAGTAATAACAACTCTCGCCGCATCGATGAAGAACGCAGC
A5,coligoITS_5,CTTGGTCATTTAGAGGAAGTAATAACAAGACTGAGAGCATCGATGAAGAACGCAGC
A6,coligoITS_6,CTTGGTCATTTAGAGGAAGTAATAACAATGGTAACGGCATCGATGAAGAACGCAGC
A7,coligoITS_7,CTTGGTCATTTAGAGGAAGTAATAACACCGCAAGACGCATCGATGAAGAACGCAGC
A8,coligoITS_8,CTTGGTCATTTAGAGGAAGTAATAACACCTTGGATCGCATCGATGAAGAACGCAGC
A9,coligoITS_9,CTTGGTCATTTAGAGGAAGTAATAACACGCCTCTTAGCATCGATGAAGAACGCAGC
A10,coligoITS_10,CTTGGTCATTTAGAGGAAGTAATAACAGAATGCCTTGCATCGATGAAGAACGCAGC
A11,coligoITS_11,CTTGGTCATTTAGAGGAAGTAATAACAGGTCCAGTAGCATCGATGAAGAACGCAGC
A12,coligoITS_12,CTTGGTCATTTAGAGGAAGTAATAACATGCGGTCGGGCATCGATGAAGAACGCAGC
B1,coligoITS_13,CTTGGTCATTTAGAGGAAGTAATAACCAATTAGTCCGCATCGATGAAGAACGCAGC
B2,coligoITS_14,CTTGGTCATTTAGAGGAAGTAATAACCACGGAGCACGCATCGATGAAGAACGCAGC
B3,coligoITS_15,CTTGGTCATTTAGAGGAAGTAATAACCATCCTACCTGCATCGATGAAGAACGCAGC
B4,coligoITS_16,CTTGGTCATTTAGAGGAAGTAATAACCGACCAATGAGCATCGATGAAGAACGCAGC
B5,coligoITS_17,CTTGGTCATTTAGAGGAAGTAATAACCGGAGTGTAAGCATCGATGAAGAACGCAGC
B6,coligoITS_18,CTTGGTCATTTAGAGGAAGTAATAACCGTAACCGCGGCATCGATGAAGAACGCAGC
B7,coligoITS_19,CTTGGTCATTTAGAGGAAGTAATAACCTAGCTTCATGCATCGATGAAGAACGCAGC
B8,coligoITS_20,CTTGGTCATTTAGAGGAAGTAATAACCTCACGATAAGCATCGATGAAGAACGCAGC
B9,coligoITS_21,CTTGGTCATTTAGAGGAAGTAATAACCTCTGTGTGGGCATCGATGAAGAACGCAGC
B10,coligoITS_22,CTTGGTCATTTAGAGGAAGTAATAACGATATAGGACGCATCGATGAAGAACGCAGC
B11,coligoITS_23,CTTGGTCATTTAGAGGAAGTAATAACGCTCGAACTCGCATCGATGAAGAACGCAGC
B12,coligoITS_24,CTTGGTCATTTAGAGGAAGTAATAACGGTATTCTCAGCATCGATGAAGAACGCAGC
C1,coligoITS_25,CTTGGTCATTTAGAGGAAGTAATAACGTGAGCAGAAGCATCGATGAAGAACGCAGC
C2,coligoITS_26,CTTGGTCATTTAGAGGAAGTAATAACTCCAGCCGTGGCATCGATGAAGAACGCAGC
C3,coligoITS_27,CTTGGTCATTTAGAGGAAGTAATAACTTAATCACCGGCATCGATGAAGAACGCAGC
C4,coligoITS_28,CTTGGTCATTTAGAGGAAGTAATAACTTGCACTTGTGCATCGATGAAGAACGCAGC
C5,coligoITS_29,CTTGGTCATTTAGAGGAAGTAATAAGAACAGCTATGGCATCGATGAAGAACGCAGC
C6,coligoITS_30,CTTGGTCATTTAGAGGAAGTAATAAGAAGAACCGTCGCATCGATGAAGAACGCAGC
C7,coligoITS_31,CTTGGTCATTTAGAGGAAGTAATAAGAAGGTGCTGCGCATCGATGAAGAACGCAGC
C8,coligoITS_32,CTTGGTCATTTAGAGGAAGTAATAAGACATCCGAGAGCATCGATGAAGAACGCAGC
C9,coligoITS_33,CTTGGTCATTTAGAGGAAGTAATAAGACCGTACATTGCATCGATGAAGAACGCAGC
C10,coligoITS_34,CTTGGTCATTTAGAGGAAGTAATAAGACGAGGAAGGGCATCGATGAAGAACGCAGC
C11,coligoITS_35,CTTGGTCATTTAGAGGAAGTAATAAGAGCTGGTTAGGCATCGATGAAGAACGCAGC
C12,coligoITS_36,CTTGGTCATTTAGAGGAAGTAATAAGAGTTATCGCAGCATCGATGAAGAACGCAGC
D1,coligoITS_37,CTTGGTCATTTAGAGGAAGTAATAAGATGCCACGACGCATCGATGAAGAACGCAGC
D2,coligoITS_38,CTTGGTCATTTAGAGGAAGTAATAAGCCATTGCGCCGCATCGATGAAGAACGCAGC
D3,coligoITS_39,CTTGGTCATTTAGAGGAAGTAATAAGCGCCTGTCCTGCATCGATGAAGAACGCAGC
D4,coligoITS_40,CTTGGTCATTTAGAGGAAGTAATAAGCGGACAACCTGCATCGATGAAGAACGCAGC
D5,coligoITS_41,CTTGGTCATTTAGAGGAAGTAATAAGCTAAGTGGACGCATCGATGAAGAACGCAGC
D6,coligoITS_42,CTTGGTCATTTAGAGGAAGTAATAAGGAATTGAAGGGCATCGATGAAGAACGCAGC
D7,coligoITS_43,CTTGGTCATTTAGAGGAAGTAATAAGGTACACGGTCGCATCGATGAAGAACGCAGC
D8,coligoITS_44,CTTGGTCATTTAGAGGAAGTAATAAGGTCGGATGAGGCATCGATGAAGAACGCAGC
D9,coligoITS_45,CTTGGTCATTTAGAGGAAGTAATAAGGTGCTAATCCGCATCGATGAAGAACGCAGC
D10,coligoITS_46,CTTGGTCATTTAGAGGAAGTAATAAGTATCGTTGCCGCATCGATGAAGAACGCAGC
D11,coligoITS_47,CTTGGTCATTTAGAGGAAGTAATAAGTCCTCTAAGCGCATCGATGAAGAACGCAGC
D12,coligoITS_48,CTTGGTCATTTAGAGGAAGTAATAAGTGGAGTTCGGGCATCGATGAAGAACGCAGC
E1,coligoITS_49,CTTGGTCATTTAGAGGAAGTAATAAGTTGGTCATAGGCATCGATGAAGAACGCAGC
E2,coligoITS_50,CTTGGTCATTTAGAGGAAGTAATAATAAGCGCCAATGCATCGATGAAGAACGCAGC
E3,coligoITS_51,CTTGGTCATTTAGAGGAAGTAATAATACGACAGCGGGCATCGATGAAGAACGCAGC
E4,coligoITS_52,CTTGGTCATTTAGAGGAAGTAATAATACTGTTCTCCGCATCGATGAAGAACGCAGC
E5,coligoITS_53,CTTGGTCATTTAGAGGAAGTAATAATAGCATACTGGGCATCGATGAAGAACGCAGC
E6,coligoITS_54,CTTGGTCATTTAGAGGAAGTAATAATCCGGTTATGAGCATCGATGAAGAACGCAGC
E7,coligoITS_55,CTTGGTCATTTAGAGGAAGTAATAATCGAGTACCATGCATCGATGAAGAACGCAGC
E8,coligoITS_56,CTTGGTCATTTAGAGGAAGTAATAATCTTCAGGAGGGCATCGATGAAGAACGCAGC
E9,coligoITS_57,CTTGGTCATTTAGAGGAAGTAATAATCTTCCGCTCCGCATCGATGAAGAACGCAGC
E10,coligoITS_58,CTTGGTCATTTAGAGGAAGTAATAATGTCTTGGTAGGCATCGATGAAGAACGCAGC
E11,coligoITS_59,CTTGGTCATTTAGAGGAAGTAATAATGTGACGCCTTGCATCGATGAAGAACGCAGC
E12,coligoITS_60,CTTGGTCATTTAGAGGAAGTAATAATTACCGGAACTGCATCGATGAAGAACGCAGC
F1,coligoITS_61,CTTGGTCATTTAGAGGAAGTAATAATTAGTGAGTGGGCATCGATGAAGAACGCAGC
F2,coligoITS_62,CTTGGTCATTTAGAGGAAGTAATAATTCCTATCGACGCATCGATGAAGAACGCAGC
F3,coligoITS_63,CTTGGTCATTTAGAGGAAGTAATACAACACTTCTAGGCATCGATGAAGAACGCAGC
F4,coligoITS_64,CTTGGTCATTTAGAGGAAGTAATACAACGCCGGATAGCATCGATGAAGAACGCAGC
F5,coligoITS_65,CTTGGTCATTTAGAGGAAGTAATACAAGAGACGCAAGCATCGATGAAGAACGCAGC
F6,coligoITS_66,CTTGGTCATTTAGAGGAAGTAATACAAGGATTATGGGCATCGATGAAGAACGCAGC
F7,coligoITS_67,CTTGGTCATTTAGAGGAAGTAATACAAGTTCACACCGCATCGATGAAGAACGCAGC
F8,coligoITS_68,CTTGGTCATTTAGAGGAAGTAATACAATACAATGCGGCATCGATGAAGAACGCAGC
F9,coligoITS_69,CTTGGTCATTTAGAGGAAGTAATACACGTTGCTGGAGCATCGATGAAGAACGCAGC
F10,coligoITS_70,CTTGGTCATTTAGAGGAAGTAATACACTATGAAGAGGCATCGATGAAGAACGCAGC
F11,coligoITS_71,CTTGGTCATTTAGAGGAAGTAATACACTCAGGTTGGGCATCGATGAAGAACGCAGC
F12,coligoITS_72,CTTGGTCATTTAGAGGAAGTAATACAGCAGTCTCCGGCATCGATGAAGAACGCAGC
G1,coligoITS_73,CTTGGTCATTTAGAGGAAGTAATACAGCCAACGTAAGCATCGATGAAGAACGCAGC
G2,coligoITS_74,CTTGGTCATTTAGAGGAAGTAATACAGTGAATACAGGCATCGATGAAGAACGCAGC
G3,coligoITS_75,CTTGGTCATTTAGAGGAAGTAATACATATCTGCAACGCATCGATGAAGAACGCAGC
G4,coligoITS_76,CTTGGTCATTTAGAGGAAGTAATACATCCGCGCACTGCATCGATGAAGAACGCAGC
G5,coligoITS_77,CTTGGTCATTTAGAGGAAGTAATACATGACGTATTGGCATCGATGAAGAACGCAGC
G6,coligoITS_78,CTTGGTCATTTAGAGGAAGTAATACATTAAGCTCGTGCATCGATGAAGAACGCAGC
G7,coligoITS_79,CTTGGTCATTTAGAGGAAGTAATACCAATCGCTGTTGCATCGATGAAGAACGCAGC
G8,coligoITS_80,CTTGGTCATTTAGAGGAAGTAATACCACAAGTTACCGCATCGATGAAGAACGCAGC
G9,coligoITS_81,CTTGGTCATTTAGAGGAAGTAATACCATTGTATAGGGCATCGATGAAGAACGCAGC
G10,coligoITS_82,CTTGGTCATTTAGAGGAAGTAATACCGAACGACCATGCATCGATGAAGAACGCAGC
G11,coligoITS_83,CTTGGTCATTTAGAGGAAGTAATACCGAGATACTTGGCATCGATGAAGAACGCAGC
G12,coligoITS_84,CTTGGTCATTTAGAGGAAGTAATACCGCACTAGAGAGCATCGATGAAGAACGCAGC
H1,coligoITS_85,CTTGGTCATTTAGAGGAAGTAATACCGCCGTTCAATGCATCGATGAAGAACGCAGC
H2,coligoITS_86,CTTGGTCATTTAGAGGAAGTAATACCGTCTATGCCAGCATCGATGAAGAACGCAGC
H3,coligoITS_87,CTTGGTCATTTAGAGGAAGTAATACCGTGGAAGTGGGCATCGATGAAGAACGCAGC
H4,coligoITS_88,CTTGGTCATTTAGAGGAAGTAATACCTCTTAACGTCGCATCGATGAAGAACGCAGC
H5,coligoITS_89,CTTGGTCATTTAGAGGAAGTAATACCTGGACCGAAGGCATCGATGAAGAACGCAGC
H6,coligoITS_90,CTTGGTCATTTAGAGGAAGTAATACGAACTGTGGTCGCATCGATGAAGAACGCAGC
H7,coligoITS_91,CTTGGTCATTTAGAGGAAGTAATACGAGAAGATAAGGCATCGATGAAGAACGCAGC
H8,coligoITS_92,CTTGGTCATTTAGAGGAAGTAATACGATTGCGAGCCGCATCGATGAAGAACGCAGC
H9,coligoITS_93,CTTGGTCATTTAGAGGAAGTAATACGCACCACACCAGCATCGATGAAGAACGCAGC
H10,coligoITS_94,CTTGGTCATTTAGAGGAAGTAATACGCGATGGTTCCGCATCGATGAAGAACGCAGC
H11,coligoITS_95,CTTGGTCATTTAGAGGAAGTAATACGCGCTTATATTGCATCGATGAAGAACGCAGC
H12,coligoITS_96,CTTGGTCATTTAGAGGAAGTAATCTGTATCAACTGGGCATCGATGAAGAACGCAGC