Position,OligoName,SequenceWithAmpPrimers,SequenceNoAmpPrimers
A1,coligo16s_1,GTGCCAGCAGCCGCGGTAAAACAACAACAACCATTAGATACCCTAGTAGTCC,AACAACAACAACC
B1,coligo16s_2,GTGCCAGCAGCCGCGGTAAAACAACAAGGTGGATTAGATACCCTAGTAGTCC,AACAACAAGGTGG
C1,coligo16s_3,GTGCCAGCAGCCGCGGTAAAACAACCGATTCCATTAGATACCCTAGTAGTCC,AACAACCGATTCC
D1,coligo16s_4,GTGCCAGCAGCCGCGGTAAAACAACTCTCGCCATTAGATACCCTAGTAGTCC,AACAACTCTCGCC
E1,coligo16s_5,GTGCCAGCAGCCGCGGTAAAACAAGACTGAGAATTAGATACCCTAGTAGTCC,AACAAGACTGAGA
F1,coligo16s_6,GTGCCAGCAGCCGCGGTAAAACAATGGTAACGATTAGATACCCTAGTAGTCC,AACAATGGTAACG
G1,coligo16s_7,GTGCCAGCAGCCGCGGTAAAACACCGCAAGACATTAGATACCCTAGTAGTCC,AACACCGCAAGAC
H1,coligo16s_8,GTGCCAGCAGCCGCGGTAAAACACCTTGGATCATTAGATACCCTAGTAGTCC,AACACCTTGGATC
A2,coligo16s_9,GTGCCAGCAGCCGCGGTAAAACACGCCTCTTAATTAGATACCCTAGTAGTCC,AACACGCCTCTTA
B2,coligo16s_10,GTGCCAGCAGCCGCGGTAAAACAGAATGCCTTATTAGATACCCTAGTAGTCC,AACAGAATGCCTT
C2,coligo16s_11,GTGCCAGCAGCCGCGGTAAAACAGGTCCAGTAATTAGATACCCTAGTAGTCC,AACAGGTCCAGTA
D2,coligo16s_12,GTGCCAGCAGCCGCGGTAAAACATGCGGTCGGATTAGATACCCTAGTAGTCC,AACATGCGGTCGG
E2,coligo16s_13,GTGCCAGCAGCCGCGGTAAAACCAATTAGTCCATTAGATACCCTAGTAGTCC,AACCAATTAGTCC
F2,coligo16s_14,GTGCCAGCAGCCGCGGTAAAACCACGGAGCACATTAGATACCCTAGTAGTCC,AACCACGGAGCAC
G2,coligo16s_15,GTGCCAGCAGCCGCGGTAAAACCATCCTACCTATTAGATACCCTAGTAGTCC,AACCATCCTACCT
H2,coligo16s_16,GTGCCAGCAGCCGCGGTAAAACCGACCAATGAATTAGATACCCTAGTAGTCC,AACCGACCAATGA
A3,coligo16s_17,GTGCCAGCAGCCGCGGTAAAACCGGAGTGTAAATTAGATACCCTAGTAGTCC,AACCGGAGTGTAA
B3,coligo16s_18,GTGCCAGCAGCCGCGGTAAAACCGTAACCGCGATTAGATACCCTAGTAGTCC,AACCGTAACCGCG
C3,coligo16s_19,GTGCCAGCAGCCGCGGTAAAACCTAGCTTCATATTAGATACCCTAGTAGTCC,AACCTAGCTTCAT
D3,coligo16s_20,GTGCCAGCAGCCGCGGTAAAACCTCACGATAAATTAGATACCCTAGTAGTCC,AACCTCACGATAA
E3,coligo16s_21,GTGCCAGCAGCCGCGGTAAAACCTCTGTGTGGATTAGATACCCTAGTAGTCC,AACCTCTGTGTGG
F3,coligo16s_22,GTGCCAGCAGCCGCGGTAAAACGATATAGGACATTAGATACCCTAGTAGTCC,AACGATATAGGAC
G3,coligo16s_23,GTGCCAGCAGCCGCGGTAAAACGCTCGAACTCATTAGATACCCTAGTAGTCC,AACGCTCGAACTC
H3,coligo16s_24,GTGCCAGCAGCCGCGGTAAAACGGTATTCTCAATTAGATACCCTAGTAGTCC,AACGGTATTCTCA
A4,coligo16s_25,GTGCCAGCAGCCGCGGTAAAACGTGAGCAGAAATTAGATACCCTAGTAGTCC,AACGTGAGCAGAA
B4,coligo16s_26,GTGCCAGCAGCCGCGGTAAAACTCCAGCCGTGATTAGATACCCTAGTAGTCC,AACTCCAGCCGTG
C4,coligo16s_27,GTGCCAGCAGCCGCGGTAAAACTTAATCACCGATTAGATACCCTAGTAGTCC,AACTTAATCACCG
D4,coligo16s_28,GTGCCAGCAGCCGCGGTAAAACTTGCACTTGTATTAGATACCCTAGTAGTCC,AACTTGCACTTGT
E4,coligo16s_29,GTGCCAGCAGCCGCGGTAAAAGAACAGCTATGATTAGATACCCTAGTAGTCC,AAGAACAGCTATG
F4,coligo16s_30,GTGCCAGCAGCCGCGGTAAAAGAAGAACCGTCATTAGATACCCTAGTAGTCC,AAGAAGAACCGTC
G4,coligo16s_31,GTGCCAGCAGCCGCGGTAAAAGAAGGTGCTGCATTAGATACCCTAGTAGTCC,AAGAAGGTGCTGC
H4,coligo16s_32,GTGCCAGCAGCCGCGGTAAAAGACATCCGAGAATTAGATACCCTAGTAGTCC,AAGACATCCGAGA
A5,coligo16s_33,GTGCCAGCAGCCGCGGTAAAAGACCGTACATTATTAGATACCCTAGTAGTCC,AAGACCGTACATT
B5,coligo16s_34,GTGCCAGCAGCCGCGGTAAAAGACGAGGAAGGATTAGATACCCTAGTAGTCC,AAGACGAGGAAGG
C5,coligo16s_35,GTGCCAGCAGCCGCGGTAAAAGAGCTGGTTAGATTAGATACCCTAGTAGTCC,AAGAGCTGGTTAG
D5,coligo16s_36,GTGCCAGCAGCCGCGGTAAAAGAGTTATCGCAATTAGATACCCTAGTAGTCC,AAGAGTTATCGCA
E5,coligo16s_37,GTGCCAGCAGCCGCGGTAAAAGATGCCACGACATTAGATACCCTAGTAGTCC,AAGATGCCACGAC
F5,coligo16s_38,GTGCCAGCAGCCGCGGTAAAAGCCATTGCGCCATTAGATACCCTAGTAGTCC,AAGCCATTGCGCC
G5,coligo16s_39,GTGCCAGCAGCCGCGGTAAAAGCGCCTGTCCTATTAGATACCCTAGTAGTCC,AAGCGCCTGTCCT
H5,coligo16s_40,GTGCCAGCAGCCGCGGTAAAAGCGGACAACCTATTAGATACCCTAGTAGTCC,AAGCGGACAACCT
A6,coligo16s_41,GTGCCAGCAGCCGCGGTAAAAGCTAAGTGGACATTAGATACCCTAGTAGTCC,AAGCTAAGTGGAC
B6,coligo16s_42,GTGCCAGCAGCCGCGGTAAAAGGAATTGAAGGATTAGATACCCTAGTAGTCC,AAGGAATTGAAGG
C6,coligo16s_43,GTGCCAGCAGCCGCGGTAAAAGGTACACGGTCATTAGATACCCTAGTAGTCC,AAGGTACACGGTC
D6,coligo16s_44,GTGCCAGCAGCCGCGGTAAAAGGTCGGATGAGATTAGATACCCTAGTAGTCC,AAGGTCGGATGAG
E6,coligo16s_45,GTGCCAGCAGCCGCGGTAAAAGGTGCTAATCCATTAGATACCCTAGTAGTCC,AAGGTGCTAATCC
F6,coligo16s_46,GTGCCAGCAGCCGCGGTAAAAGTATCGTTGCCATTAGATACCCTAGTAGTCC,AAGTATCGTTGCC
G6,coligo16s_47,GTGCCAGCAGCCGCGGTAAAAGTCCTCTAAGCATTAGATACCCTAGTAGTCC,AAGTCCTCTAAGC
H6,coligo16s_48,GTGCCAGCAGCCGCGGTAAAAGTGGAGTTCGGATTAGATACCCTAGTAGTCC,AAGTGGAGTTCGG
A7,coligo16s_49,GTGCCAGCAGCCGCGGTAAAAGTTGGTCATAGATTAGATACCCTAGTAGTCC,AAGTTGGTCATAG
B7,coligo16s_50,GTGCCAGCAGCCGCGGTAAAATAAGCGCCAATATTAGATACCCTAGTAGTCC,AATAAGCGCCAAT
C7,coligo16s_51,GTGCCAGCAGCCGCGGTAAAATACGACAGCGGATTAGATACCCTAGTAGTCC,AATACGACAGCGG
D7,coligo16s_52,GTGCCAGCAGCCGCGGTAAAATACTGTTCTCCATTAGATACCCTAGTAGTCC,AATACTGTTCTCC
E7,coligo16s_53,GTGCCAGCAGCCGCGGTAAAATAGCATACTGGATTAGATACCCTAGTAGTCC,AATAGCATACTGG
F7,coligo16s_54,GTGCCAGCAGCCGCGGTAAAATCCGGTTATGAATTAGATACCCTAGTAGTCC,AATCCGGTTATGA
G7,coligo16s_55,GTGCCAGCAGCCGCGGTAAAATCGAGTACCATATTAGATACCCTAGTAGTCC,AATCGAGTACCAT
H7,coligo16s_56,GTGCCAGCAGCCGCGGTAAAATCTTCAGGAGGATTAGATACCCTAGTAGTCC,AATCTTCAGGAGG
A8,coligo16s_57,GTGCCAGCAGCCGCGGTAAAATCTTCCGCTCCATTAGATACCCTAGTAGTCC,AATCTTCCGCTCC
B8,coligo16s_58,GTGCCAGCAGCCGCGGTAAAATGTCTTGGTAGATTAGATACCCTAGTAGTCC,AATGTCTTGGTAG
C8,coligo16s_59,GTGCCAGCAGCCGCGGTAAAATGTGACGCCTTATTAGATACCCTAGTAGTCC,AATGTGACGCCTT
D8,coligo16s_60,GTGCCAGCAGCCGCGGTAAAATTACCGGAACTATTAGATACCCTAGTAGTCC,AATTACCGGAACT
E8,coligo16s_61,GTGCCAGCAGCCGCGGTAAAATTAGTGAGTGGATTAGATACCCTAGTAGTCC,AATTAGTGAGTGG
F8,coligo16s_62,GTGCCAGCAGCCGCGGTAAAATTCCTATCGACATTAGATACCCTAGTAGTCC,AATTCCTATCGAC
G8,coligo16s_63,GTGCCAGCAGCCGCGGTAAACAACACTTCTAGATTAGATACCCTAGTAGTCC,ACAACACTTCTAG
H8,coligo16s_64,GTGCCAGCAGCCGCGGTAAACAACGCCGGATAATTAGATACCCTAGTAGTCC,ACAACGCCGGATA
A9,coligo16s_65,GTGCCAGCAGCCGCGGTAAACAAGAGACGCAAATTAGATACCCTAGTAGTCC,ACAAGAGACGCAA
B9,coligo16s_66,GTGCCAGCAGCCGCGGTAAACAAGGATTATGGATTAGATACCCTAGTAGTCC,ACAAGGATTATGG
C9,coligo16s_67,GTGCCAGCAGCCGCGGTAAACAAGTTCACACCATTAGATACCCTAGTAGTCC,ACAAGTTCACACC
D9,coligo16s_68,GTGCCAGCAGCCGCGGTAAACAATACAATGCGATTAGATACCCTAGTAGTCC,ACAATACAATGCG
E9,coligo16s_69,GTGCCAGCAGCCGCGGTAAACACGTTGCTGGAATTAGATACCCTAGTAGTCC,ACACGTTGCTGGA
F9,coligo16s_70,GTGCCAGCAGCCGCGGTAAACACTATGAAGAGATTAGATACCCTAGTAGTCC,ACACTATGAAGAG
G9,coligo16s_71,GTGCCAGCAGCCGCGGTAAACACTCAGGTTGGATTAGATACCCTAGTAGTCC,ACACTCAGGTTGG
H9,coligo16s_72,GTGCCAGCAGCCGCGGTAAACAGCAGTCTCCGATTAGATACCCTAGTAGTCC,ACAGCAGTCTCCG
A10,coligo16s_73,GTGCCAGCAGCCGCGGTAAACAGCCAACGTAAATTAGATACCCTAGTAGTCC,ACAGCCAACGTAA
B10,coligo16s_74,GTGCCAGCAGCCGCGGTAAACAGTGAATACAGATTAGATACCCTAGTAGTCC,ACAGTGAATACAG
C10,coligo16s_75,GTGCCAGCAGCCGCGGTAAACATATCTGCAACATTAGATACCCTAGTAGTCC,ACATATCTGCAAC
D10,coligo16s_76,GTGCCAGCAGCCGCGGTAAACATCCGCGCACTATTAGATACCCTAGTAGTCC,ACATCCGCGCACT
E10,coligo16s_77,GTGCCAGCAGCCGCGGTAAACATGACGTATTGATTAGATACCCTAGTAGTCC,ACATGACGTATTG
F10,coligo16s_78,GTGCCAGCAGCCGCGGTAAACATTAAGCTCGTATTAGATACCCTAGTAGTCC,ACATTAAGCTCGT
G10,coligo16s_79,GTGCCAGCAGCCGCGGTAAACCAATCGCTGTTATTAGATACCCTAGTAGTCC,ACCAATCGCTGTT
H10,coligo16s_80,GTGCCAGCAGCCGCGGTAAACCACAAGTTACCATTAGATACCCTAGTAGTCC,ACCACAAGTTACC
A11,coligo16s_81,GTGCCAGCAGCCGCGGTAAACCATTGTATAGGATTAGATACCCTAGTAGTCC,ACCATTGTATAGG
B11,coligo16s_82,GTGCCAGCAGCCGCGGTAAACCGAACGACCATATTAGATACCCTAGTAGTCC,ACCGAACGACCAT
C11,coligo16s_83,GTGCCAGCAGCCGCGGTAAACCGAGATACTTGATTAGATACCCTAGTAGTCC,ACCGAGATACTTG
D11,coligo16s_84,GTGCCAGCAGCCGCGGTAAACCGCACTAGAGAATTAGATACCCTAGTAGTCC,ACCGCACTAGAGA
E11,coligo16s_85,GTGCCAGCAGCCGCGGTAAACCGCCGTTCAATATTAGATACCCTAGTAGTCC,ACCGCCGTTCAAT
F11,coligo16s_86,GTGCCAGCAGCCGCGGTAAACCGTCTATGCCAATTAGATACCCTAGTAGTCC,ACCGTCTATGCCA
G11,coligo16s_87,GTGCCAGCAGCCGCGGTAAACCGTGGAAGTGGATTAGATACCCTAGTAGTCC,ACCGTGGAAGTGG
H11,coligo16s_88,GTGCCAGCAGCCGCGGTAAACCTCTTAACGTCATTAGATACCCTAGTAGTCC,ACCTCTTAACGTC
A12,coligo16s_89,GTGCCAGCAGCCGCGGTAAACCTGGACCGAAGATTAGATACCCTAGTAGTCC,ACCTGGACCGAAG
B12,coligo16s_90,GTGCCAGCAGCCGCGGTAAACGAACTGTGGTCATTAGATACCCTAGTAGTCC,ACGAACTGTGGTC
C12,coligo16s_91,GTGCCAGCAGCCGCGGTAAACGAGAAGATAAGATTAGATACCCTAGTAGTCC,ACGAGAAGATAAG
D12,coligo16s_92,GTGCCAGCAGCCGCGGTAAACGATTGCGAGCCATTAGATACCCTAGTAGTCC,ACGATTGCGAGCC
E12,coligo16s_93,GTGCCAGCAGCCGCGGTAAACGCACCACACCAATTAGATACCCTAGTAGTCC,ACGCACCACACCA
F12,coligo16s_94,GTGCCAGCAGCCGCGGTAAACGCGATGGTTCCATTAGATACCCTAGTAGTCC,ACGCGATGGTTCC
G12,coligo16s_95,GTGCCAGCAGCCGCGGTAAACGCGCTTATATTATTAGATACCCTAGTAGTCC,ACGCGCTTATATT
H12,coligo16s_96,GTGCCAGCAGCCGCGGTAACTGTATCAACTGGATTAGATACCCTAGTAGTCC,CTGTATCAACTGG